t,|i=1,IO:EXT,IOPL:EXT,OQ:2,OQ:3,OO:2,OO:3,IS:2,IS:3,ISPL:2,ISPL:3,RM:2,RM:3,OS:EXT,DMFS,FR,IL,HC,SC,ITHC,TC,|i=2,IO:1,IOPL:1,OQ:5,OO:5,IS:5,ISPL:5,RM:5,OS:1,DMFS,FR,IL,HC,SC,ITHC,TC,|i=3,IO:1,IOPL:1,OQ:4,OO:4,IS:4,ISPL:4,RM:4,OS:1,DMFS,FR,IL,HC,SC,ITHC,TC,|i=4,IO:3,IOPL:3,OQ:6,OQ:7,OO:6,OO:7,IS:6,IS:7,ISPL:6,ISPL:7,RM:6,RM:7,OS:3,DMFS,FR,IL,HC,SC,ITHC,TC,|i=5,IO:2,IOPL:2,OQ:EXT,OO:EXT,IS:EXT,ISPL:EXT,RM:EXT,OS:2,DMFS,FR,IL,HC,SC,ITHC,TC,|i=6,IO:4,IOPL:4,OQ:EXT,OO:EXT,IS:EXT,ISPL:EXT,RM:EXT,OS:4,DMFS,FR,IL,HC,SC,ITHC,TC,|i=7,IO:4,IOPL:4,OQ:EXT,OO:EXT,IS:EXT,ISPL:EXT,RM:EXT,OS:4,DMFS,FR,IL,HC,SC,ITHC,TC
0,|,1,[0],0.0,0.0,0.0,0.0,0,0,"[0, 0.0, 0]","[0, 0.0, 0]",0,0,1,1.0,1.0,7,0,0,0.0,0.0,|,0.0,[0],4,4,0,"[0, 4, 0]",0,0.0,0.0,1.0,8.0,0.0,0,0.0,0.0,|,0.0,[0],3,3,0,"[0, 0, 0, 3, 0, 0, 0]",0,0.0,0.0,1.0,24.0,0.0,0,0.0,0.0,|,3,[0],0.0,0.0,0.0,0.0,0,0,"[0, 0, 0.0, 0, 0]","[0, 0, 0.0, 0, 0]",0,0,3,3.0,1.0,13,0,0,0,0,|,4,[0],0.0,0.0,0,"[0, 0, 0, 0, 0.0, 0, 0, 0, 0]",0,4,4.0,1.0,28,0,0,0,0,|,0.0,[0],8,8,0,"[0, 8, 0]",0,0.0,0.0,1.0,8.0,0.0,0,0.0,0.0,|,0.0,[0],11,11,0,"[0, 0, 11, 0, 0]",0,0.0,0.0,1.0,16.0,0.0,0,0.0,0.0
1,|,6,[0],0.0,0.0,0.0,0.0,0.0,0.0,"[0, 0.0, 0]","[0, 0.0, 0]",0.0,0.0,6,6.0,1.0,1.0,0.0,0,0.0,0.0,|,0.0,[0],1.0,1.0,4,"[0, 1.0, 0]",0,0.0,0.0,1.0,12.0,0.0,0,0.0,0.0,|,0.0,[0],1.0,4.0,0,"[0, 0, 3, 1.0, 0, 0, 0]",0,0.0,0.0,1.0,24.0,0.0,0,0.0,0.0,|,1.0,[0],0.0,0.0,0.0,0.0,0,0,"[0, 0.0, 0.0, 0, 0]","[0, 0.0, 0.0, 0, 0]",0,0,1.0,1.0,1.0,12.0,0.0,0,0.0,0.0,|,1.0,[0],0.0,0.0,0,"[0, 0, 0, 0.0, 0.0, 0, 0, 0, 0]",0,1.0,1.0,1.0,27.0,0.0,0,0.0,0.0,|,0.0,[0],2.0,2.0,8,"[0, 2.0, 0]",0,0.0,0.0,1.0,16.0,0.0,0,0.0,0.0,|,0.0,[0],1.0,12.0,0,"[0, 11, 1.0, 0, 0]",0,0.0,0.0,1.0,16.0,0.0,0,0.0,0.0
2,|,6,[0],5.0,5.0,5.0,5.0,0.0,0.0,"[0, 5.0, 0]","[0, 5.0, 0]",0.0,0.0,1.0,1.0,0.6153846153846154,-5.0,0.0,0.0,0.0,0.0,|,5.0,[0],6.0,6.0,1.0,"[0, 6.0, 0]",0.0,5.0,5.0,1.0,8.0,0.0,0,0.0,0.0,|,5.0,[0],6.0,10.0,0,"[0, 3, 1.0, 6.0, 0, 0, 0]",0,5.0,5.0,1.0,19.0,0.0,0,0.0,0.0,|,6.0,[0],4.0,4.0,4.0,4.0,0.0,0.0,"[0, 0.0, 4.0, 0, 0]","[0, 0.0, 4.0, 0, 0]",0.0,0.0,6.0,6.0,1.0,6.0,0.0,0,0.0,0.0,|,6.0,[0],4.0,4.0,0,"[0, 0, 0.0, 0.0, 4.0, 0, 0, 0, 0]",0,6.0,6.0,1.0,21.0,0.0,0,0.0,0.0,|,4.0,[0],0.0,0.0,2.0,"[0, 0.0, 0]",0.0,4.0,4.0,1.0,14.0,0.0,0,0.0,0.0,|,4.0,[0],6.0,7.0,11,"[0, 1.0, 6.0, 0, 0]",0,4.0,4.0,1.0,23.0,0.0,0,0.0,0.0
3,|,9,[0],6.0,6.0,6.0,6.0,5.0,5.0,"[0, 6.0, 0]","[0, 6.0, 0]",0.0,0.0,5.0,0.0,0.36363636363636365,-9.0,0.0,0.0,0.0,0.0,|,6.0,[0],6.0,6.0,6.0,"[0, 6.0, 0]",0.0,6.0,6.0,1.0,8.0,0.0,0,0.0,0.0,|,6.0,[0],6.0,13.0,3,"[0, 1.0, 6.0, 6.0, 0, 0, 0]",0,6.0,6.0,1.0,16.0,0.0,0,0.0,0.0,|,6.0,[0],6.0,6.0,10.0,10.0,0.0,0.0,"[0, 4.0, 6.0, 0, 0]","[0, 4.0, 6.0, 0, 0]",0.0,0.0,6.0,6.0,1.0,0.0,0.0,0,0.0,0.0,|,6.0,[0],6.0,10.0,0,"[0, 0.0, 0.0, 4.0, 6.0, 0, 0, 0, 0]",0,6.0,6.0,1.0,15.0,0.0,0,0.0,0.0,|,6.0,[0],12.0,12.0,0.0,"[0, 12.0, 0]",0.0,6.0,6.0,1.0,8.0,0.0,0,0.0,0.0,|,6.0,[0],6.0,12.0,1.0,"[0, 6.0, 6.0, 0, 0]",0.0,6.0,6.0,1.0,18.0,0.0,0,0.0,0.0
4,|,0,[0],8.0,8.0,8.0,8.0,6.0,6.0,"[0, 8.0, 0]","[0, 8.0, 0]",0.0,0.0,6.0,0.0,0.36363636363636365,-3.0,0.0,0.0,0.0,0.0,|,8.0,[0],8.0,8.0,6.0,"[0, 8.0, 0]",0.0,8.0,8.0,1.0,6.0,0.0,0,0.0,0.0,|,8.0,[0],0.0,12.0,1.0,"[0, 6.0, 6.0, 0.0, 0, 0, 0]",0.0,8.0,8.0,1.0,9.0,0.0,0,0.0,0.0,|,0.0,[0],8.0,8.0,14.0,14.0,4.0,4.0,"[0, 6.0, 8.0, 0, 0]","[0, 6.0, 8.0, 0, 0]",0.0,0.0,0.0,0.0,1.0,4.0,0.0,0,0.0,0.0,|,8.0,[0],8.0,18.0,0.0,"[0, 0.0, 4.0, 6.0, 8.0, 0, 0, 0, 0]",0.0,8.0,8.0,1.0,7.0,0.0,0,0.0,0.0,|,8.0,[0],4.0,4.0,12.0,"[0, 4.0, 0]",0.0,8.0,8.0,1.0,12.0,0.0,0,0.0,0.0,|,8.0,[0],9.0,15.0,6.0,"[0, 6.0, 9.0, 0, 0]",0.0,8.0,8.0,1.0,16.0,0.0,0,0.0,0.0
5,|,6,[0],1.0,1.0,1.0,1.0,8.0,8.0,"[0, 1.0, 0]","[0, 1.0, 0]",0.0,0.0,8.0,5.0,0.4642857142857143,-1.0,0.0,0.0,0.0,0.0,|,1.0,[0],1.0,1.0,8.0,"[0, 1.0, 0]",0.0,1.0,1.0,1.0,13.0,0.0,0,0.0,0.0,|,1.0,[0],4.0,10.0,6.0,"[0, 6.0, 0.0, 4.0, 0, 0, 0]",0.0,1.0,1.0,1.0,14.0,0.0,0,0.0,0.0,|,4.0,[0],1.0,1.0,9.0,9.0,6.0,6.0,"[0, 8.0, 1.0, 0, 0]","[0, 8.0, 1.0, 0, 0]",0.0,0.0,4.0,4.0,1.0,6.0,0.0,0,0.0,0.0,|,1.0,[0],1.0,19.0,0.0,"[0, 4.0, 6.0, 8.0, 1.0, 0, 0, 0, 0]",0.0,1.0,1.0,1.0,6.0,0.0,0,0.0,0.0,|,1.0,[0],5.0,5.0,4.0,"[0, 5.0, 0]",0.0,1.0,1.0,1.0,15.0,0.0,0,0.0,0.0,|,1.0,[0],0.0,9.0,6.0,"[0, 9.0, 0.0, 0, 0]",0.0,1.0,1.0,1.0,21.0,0.0,0,0.0,0.0
6,|,4,[0],6.0,6.0,6.0,6.0,1.0,1.0,"[0, 6.0, 0]","[0, 6.0, 0]",0.0,0.0,1.0,0.0,0.40625,-4.0,0.0,0.0,0.0,0.0,|,6.0,[0],0.0,0.0,1.0,"[0, 0.0, 0]",0.0,6.0,6.0,1.0,8.0,0.0,0,0.0,0.0,|,6.0,[0],6.0,10.0,6.0,"[0, 0.0, 4.0, 6.0, 0, 0, 0]",0.0,6.0,6.0,1.0,14.0,0.0,0,0.0,0.0,|,6.0,[0],2.0,2.0,3.0,3.0,8.0,8.0,"[0, 1.0, 2.0, 0, 0]","[0, 1.0, 2.0, 0, 0]",0.0,0.0,6.0,6.0,1.0,8.0,0.0,0,0.0,0.0,|,0.0,[0],6.0,21.0,4.0,"[0, 6.0, 8.0, 1.0, 6.0, 0, 0, 0, 0]",0.0,0.0,0.0,1.0,10.0,0.0,0,0.0,0.0,|,2.0,[0],1.0,1.0,5.0,"[0, 1.0, 0]",0.0,2.0,2.0,1.0,18.0,0.0,0,0.0,0.0,|,2.0,[0],6.0,6.0,9.0,"[0, 0.0, 6.0, 0, 0]",0.0,2.0,2.0,1.0,28.0,0.0,0,0.0,0.0
7,|,7,[0],4.0,4.0,4.0,4.0,6.0,6.0,"[0, 4.0, 0]","[0, 4.0, 0]",0.0,0.0,6.0,2.0,0.38461538461538464,-5.0,0.0,0.0,0.0,0.0,|,4.0,[0],10.0,10.0,0.0,"[0, 10.0, 0]",0.0,4.0,4.0,1.0,4.0,0.0,0,0.0,0.0,|,4.0,[0],8.0,18.0,0.0,"[0, 4.0, 6.0, 8.0, 0, 0, 0]",0.0,4.0,4.0,1.0,10.0,0.0,0,0.0,0.0,|,8.0,[0],2.0,2.0,4.0,4.0,1.0,1.0,"[0, 2.0, 2.0, 0, 0]","[0, 2.0, 2.0, 0, 0]",0.0,0.0,8.0,8.0,1.0,1.0,0.0,0,0.0,0.0,|,10.0,[0],4.0,19.0,6.0,"[0, 8.0, 1.0, 6.0, 4.0, 0, 0, 0, 0]",0.0,10.0,10.0,1.0,6.0,0.0,0,0.0,0.0,|,2.0,[0],9.0,9.0,1.0,"[0, 9.0, 0]",0.0,2.0,2.0,1.0,17.0,0.0,0,0.0,0.0,|,2.0,[0],4.0,10.0,0.0,"[0, 6.0, 4.0, 0, 0]",0.0,2.0,2.0,1.0,26.0,0.0,0,0.0,0.0
8,|,4,[0],4.0,4.0,4.0,4.0,4.0,4.0,"[0, 4.0, 0]","[0, 4.0, 0]",0.0,0.0,4.0,0.0,0.3488372093023256,-5.0,0.0,0.0,0.0,0.0,|,4.0,[0],2.0,2.0,10.0,"[0, 2.0, 0]",0.0,4.0,4.0,1.0,10.0,0.0,0,0.0,0.0,|,4.0,[0],1.0,15.0,4.0,"[0, 6.0, 8.0, 1.0, 0, 0, 0]",0.0,4.0,4.0,1.0,10.0,0.0,0,0.0,0.0,|,1.0,[0],5.0,5.0,7.0,7.0,2.0,2.0,"[0, 2.0, 5.0, 0, 0]","[0, 2.0, 5.0, 0, 0]",0.0,0.0,1.0,1.0,1.0,2.0,0.0,0,0.0,0.0,|,2.0,[0],7.0,18.0,8.0,"[0, 1.0, 6.0, 4.0, 7.0, 0, 0, 0, 0]",0.0,2.0,2.0,1.0,12.0,0.0,0,0.0,0.0,|,5.0,[0],4.0,4.0,9.0,"[0, 4.0, 0]",0.0,5.0,5.0,1.0,21.0,0.0,0,0.0,0.0,|,5.0,[0],7.0,11.0,6.0,"[0, 4.0, 7.0, 0, 0]",0.0,5.0,5.0,1.0,27.0,0.0,0,0.0,0.0
9,|,7,[0],7.0,7.0,7.0,7.0,4.0,4.0,"[0, 7.0, 0]","[0, 7.0, 0]",0.0,0.0,4.0,0.0,0.3,-8.0,0.0,0.0,0.0,0.0,|,7.0,[0],6.0,6.0,2.0,"[0, 6.0, 0]",0.0,7.0,7.0,1.0,5.0,0.0,0,0.0,0.0,|,7.0,[0],2.0,11.0,6.0,"[0, 8.0, 1.0, 2.0, 0, 0, 0]",0.0,7.0,7.0,1.0,9.0,0.0,0,0.0,0.0,|,2.0,[0],11.0,11.0,16.0,16.0,2.0,2.0,"[0, 5.0, 11.0, 0, 0]","[0, 5.0, 11.0, 0, 0]",0.0,0.0,2.0,2.0,1.0,2.0,0.0,0,0.0,0.0,|,6.0,[0],4.0,21.0,1.0,"[0, 6.0, 4.0, 7.0, 4.0, 0, 0, 0, 0]",0.0,6.0,6.0,1.0,7.0,0.0,0,0.0,0.0,|,11.0,[0],7.0,7.0,4.0,"[0, 7.0, 0]",0.0,11.0,11.0,1.0,14.0,0.0,0,0.0,0.0,|,11.0,[0],4.0,11.0,4.0,"[0, 7.0, 4.0, 0, 0]",0.0,11.0,11.0,1.0,20.0,0.0,0,0.0,0.0
10,|,1,[0],5.0,5.0,5.0,5.0,7.0,7.0,"[0, 5.0, 0]","[0, 5.0, 0]",0.0,0.0,7.0,0.0,0.29411764705882354,-2.0,0.0,0.0,0.0,0.0,|,5.0,[0],0.0,0.0,6.0,"[0, 0.0, 0]",0.0,5.0,5.0,1.0,6.0,0.0,0,0.0,0.0,|,5.0,[0],2.0,5.0,8.0,"[0, 1.0, 2.0, 2.0, 0, 0, 0]",0.0,5.0,5.0,1.0,12.0,0.0,0,0.0,0.0,|,2.0,[0],2.0,2.0,13.0,13.0,5.0,5.0,"[0, 11.0, 2.0, 0, 0]","[0, 11.0, 2.0, 0, 0]",0.0,0.0,2.0,2.0,1.0,5.0,0.0,0,0.0,0.0,|,0.0,[0],7.0,22.0,6.0,"[0, 4.0, 7.0, 4.0, 7.0, 0, 0, 0, 0]",0.0,0.0,0.0,1.0,13.0,0.0,0,0.0,0.0,|,2.0,[0],3.0,3.0,7.0,"[0, 3.0, 0]",0.0,2.0,2.0,1.0,19.0,0.0,0,0.0,0.0,|,2.0,[0],7.0,11.0,7.0,"[0, 4.0, 7.0, 0, 0]",0.0,2.0,2.0,1.0,25.0,0.0,0,0.0,0.0
11,|,1,[0],3.0,3.0,3.0,3.0,5.0,5.0,"[0, 3.0, 0]","[0, 3.0, 0]",0.0,0.0,3.0,1.0,0.3076923076923077,2.0,0.0,0,0.0,0.0,|,3.0,[0],8.0,8.0,0.0,"[0, 8.0, 0]",0.0,3.0,3.0,1.0,3.0,0.0,0,0.0,0.0,|,3.0,[0],5.0,9.0,1.0,"[0, 2.0, 2.0, 5.0, 0, 0, 0]",0.0,3.0,3.0,1.0,10.0,0.0,0,0.0,0.0,|,5.0,[0],3.0,3.0,5.0,5.0,11.0,11.0,"[0, 2.0, 3.0, 0, 0]","[0, 2.0, 3.0, 0, 0]",0.0,0.0,5.0,5.0,1.0,11.0,0.0,0,0.0,0.0,|,8.0,[0],1.0,19.0,4.0,"[0, 7.0, 4.0, 7.0, 1.0, 0, 0, 0, 0]",0.0,8.0,8.0,1.0,9.0,0.0,0,0.0,0.0,|,3.0,[0],5.0,5.0,3.0,"[0, 5.0, 0]",0.0,3.0,3.0,1.0,19.0,0.0,0,0.0,0.0,|,3.0,[0],1.0,8.0,4.0,"[0, 7.0, 1.0, 0, 0]",0.0,3.0,3.0,1.0,26.0,0.0,0,0.0,0.0
12,|,9,[0],1.0,1.0,1.0,1.0,3.0,3.0,"[0, 1.0, 0]","[0, 1.0, 0]",0.0,0.0,5.0,5.0,0.3442622950819672,-4.0,0.0,0.0,0.0,0.0,|,1.0,[0],1.0,1.0,8.0,"[0, 1.0, 0]",0.0,1.0,1.0,1.0,10.0,0.0,0,0.0,0.0,|,1.0,[0],11.0,18.0,2.0,"[0, 2.0, 5.0, 11.0, 0, 0, 0]",0.0,1.0,1.0,1.0,11.0,0.0,0,0.0,0.0,|,11.0,[0],0.0,0.0,3.0,3.0,2.0,2.0,"[0, 3.0, 0.0, 0, 0]","[0, 3.0, 0.0, 0, 0]",0.0,0.0,11.0,11.0,1.0,2.0,0.0,0,0.0,0.0,|,1.0,[0],1.0,13.0,7.0,"[0, 4.0, 7.0, 1.0, 1.0, 0, 0, 0, 0]",0.0,1.0,1.0,1.0,15.0,0.0,0,0.0,0.0,|,0.0,[0],1.0,1.0,5.0,"[0, 1.0, 0]",0.0,0.0,0.0,1.0,24.0,0.0,0,0.0,0.0,|,0.0,[0],1.0,2.0,7.0,"[0, 1.0, 1.0, 0, 0]",0.0,0.0,0.0,1.0,33.0,0.0,0,0.0,0.0
13,|,8,[0],9.0,9.0,9.0,9.0,1.0,1.0,"[0, 9.0, 0]","[0, 9.0, 0]",0.0,0.0,1.0,0.0,0.30434782608695654,-11.0,0.0,0.0,0.0,0.0,|,9.0,[0],5.0,5.0,1.0,"[0, 5.0, 0]",0.0,9.0,9.0,1.0,2.0,0.0,0,0.0,0.0,|,9.0,[0],2.0,18.0,2.0,"[0, 5.0, 11.0, 2.0, 0, 0, 0]",0.0,9.0,9.0,1.0,4.0,0.0,0,0.0,0.0,|,2.0,[0],10.0,10.0,10.0,10.0,3.0,3.0,"[0, 0.0, 10.0, 0, 0]","[0, 0.0, 10.0, 0, 0]",0.0,0.0,2.0,2.0,1.0,3.0,0.0,0,0.0,0.0,|,5.0,[0],9.0,18.0,4.0,"[0, 7.0, 1.0, 1.0, 9.0, 0, 0, 0, 0]",0.0,5.0,5.0,1.0,14.0,0.0,0,0.0,0.0,|,10.0,[0],9.0,9.0,1.0,"[0, 9.0, 0]",0.0,10.0,10.0,1.0,15.0,0.0,0,0.0,0.0,|,10.0,[0],9.0,10.0,1.0,"[0, 1.0, 9.0, 0, 0]",0.0,10.0,10.0,1.0,24.0,0.0,0,0.0,0.0
14,|,10,[0],2.0,2.0,2.0,2.0,9.0,9.0,"[0, 2.0, 0]","[0, 2.0, 0]",0.0,0.0,9.0,0.0,0.26582278481012656,-12.0,0.0,0.0,0.0,0.0,|,2.0,[0],8.0,8.0,5.0,"[0, 8.0, 0]",0.0,2.0,2.0,1.0,5.0,0.0,0,0.0,0.0,|,2.0,[0],3.0,16.0,5.0,"[0, 11.0, 2.0, 3.0, 0, 0, 0]",0.0,2.0,2.0,1.0,7.0,0.0,0,0.0,0.0,|,3.0,[0],5.0,5.0,15.0,15.0,0.0,0.0,"[0, 10.0, 5.0, 0, 0]","[0, 10.0, 5.0, 0, 0]",0.0,0.0,3.0,3.0,1.0,0.0,0.0,0,0.0,0.0,|,8.0,[0],8.0,19.0,7.0,"[0, 1.0, 1.0, 9.0, 8.0, 0, 0, 0, 0]",0.0,8.0,8.0,1.0,13.0,0.0,0,0.0,0.0,|,5.0,[0],8.0,8.0,9.0,"[0, 8.0, 0]",0.0,5.0,5.0,1.0,19.0,0.0,0,0.0,0.0,|,5.0,[0],8.0,17.0,1.0,"[0, 9.0, 8.0, 0, 0]",0.0,5.0,5.0,1.0,20.0,0.0,0,0.0,0.0
15,|,2,[0],5.0,5.0,5.0,5.0,2.0,2.0,"[0, 5.0, 0]","[0, 5.0, 0]",0.0,0.0,2.0,0.0,0.25925925925925924,-12.0,0.0,0.0,0.0,0.0,|,5.0,[0],0.0,0.0,8.0,"[0, 0.0, 0]",0.0,5.0,5.0,1.0,8.0,0.0,0,0.0,0.0,|,5.0,[0],0.0,5.0,11.0,"[0, 2.0, 3.0, 0.0, 0, 0, 0]",0.0,5.0,5.0,1.0,13.0,0.0,0,0.0,0.0,|,0.0,[0],16.0,16.0,21.0,21.0,10.0,10.0,"[0, 5.0, 16.0, 0, 0]","[0, 5.0, 16.0, 0, 0]",0.0,0.0,0.0,0.0,1.0,10.0,0.0,0,0.0,0.0,|,0.0,[0],10.0,28.0,1.0,"[0, 1.0, 9.0, 8.0, 10.0, 0, 0, 0, 0]",0.0,0.0,0.0,1.0,14.0,0.0,0,0.0,0.0,|,16.0,[0],1.0,1.0,8.0,"[0, 1.0, 0]",0.0,16.0,16.0,1.0,11.0,0.0,0,0.0,0.0,|,16.0,[0],10.0,18.0,9.0,"[0, 8.0, 10.0, 0, 0]",0.0,16.0,16.0,1.0,13.0,0.0,0,0.0,0.0
16,|,3,[0],8.0,8.0,8.0,8.0,5.0,5.0,"[0, 8.0, 0]","[0, 8.0, 0]",0.0,0.0,5.0,0.0,0.25,-10.0,0.0,0.0,0.0,0.0,|,8.0,[0],8.0,8.0,0.0,"[0, 8.0, 0]",0.0,8.0,8.0,1.0,0.0,0.0,0,0.0,0.0,|,8.0,[0],10.0,13.0,2.0,"[0, 3.0, 0.0, 10.0, 0, 0, 0]",0.0,8.0,8.0,1.0,7.0,0.0,0,0.0,0.0,|,10.0,[0],2.0,2.0,18.0,18.0,5.0,5.0,"[0, 16.0, 2.0, 0, 0]","[0, 16.0, 2.0, 0, 0]",0.0,0.0,10.0,10.0,1.0,5.0,0.0,0,0.0,0.0,|,8.0,[0],2.0,29.0,1.0,"[0, 9.0, 8.0, 10.0, 2.0, 0, 0, 0, 0]",0.0,8.0,8.0,1.0,7.0,0.0,0,0.0,0.0,|,2.0,[0],11.0,11.0,1.0,"[0, 11.0, 0]",0.0,2.0,2.0,1.0,10.0,0.0,0,0.0,0.0,|,2.0,[0],2.0,12.0,8.0,"[0, 10.0, 2.0, 0, 0]",0.0,2.0,2.0,1.0,19.0,0.0,0,0.0,0.0
17,|,6,[0],0.0,0.0,0.0,0.0,8.0,8.0,"[0, 0.0, 0]","[0, 0.0, 0]",0.0,0.0,8.0,0.0,0.23333333333333334,-8.0,0.0,0.0,0.0,0.0,|,0.0,[0],0.0,0.0,8.0,"[0, 0.0, 0]",0.0,0.0,0.0,1.0,8.0,0.0,0,0.0,0.0,|,0.0,[0],5.0,15.0,3.0,"[0, 0.0, 10.0, 5.0, 0, 0, 0]",0.0,0.0,0.0,1.0,10.0,0.0,0,0.0,0.0,|,5.0,[0],0.0,0.0,2.0,2.0,16.0,16.0,"[0, 2.0, 0.0, 0, 0]","[0, 2.0, 0.0, 0, 0]",0.0,0.0,5.0,5.0,1.0,16.0,0.0,0,0.0,0.0,|,0.0,[0],3.0,23.0,9.0,"[0, 8.0, 10.0, 2.0, 3.0, 0, 0, 0, 0]",0.0,0.0,0.0,1.0,16.0,0.0,0,0.0,0.0,|,0.0,[0],0.0,0.0,11.0,"[0, 0.0, 0]",0.0,0.0,0.0,1.0,21.0,0.0,0,0.0,0.0,|,0.0,[0],3.0,5.0,10.0,"[0, 2.0, 3.0, 0, 0]",0.0,0.0,0.0,1.0,29.0,0.0,0,0.0,0.0
18,|,6,[0],8.0,8.0,8.0,8.0,0.0,0.0,"[0, 8.0, 0]","[0, 8.0, 0]",0.0,0.0,0.0,0.0,0.21875,-14.0,0.0,0.0,0.0,0.0,|,8.0,[0],12.0,12.0,0.0,"[0, 12.0, 0]",0.0,8.0,8.0,1.0,0.0,0.0,0,0.0,0.0,|,8.0,[0],16.0,31.0,0.0,"[0, 10.0, 5.0, 16.0, 0, 0, 0]",0.0,8.0,8.0,1.0,2.0,0.0,0,0.0,0.0,|,16.0,[0],2.0,2.0,2.0,2.0,2.0,2.0,"[0, 0.0, 2.0, 0, 0]","[0, 0.0, 2.0, 0, 0]",0.0,0.0,16.0,16.0,1.0,2.0,0.0,0,0.0,0.0,|,12.0,[0],6.0,21.0,8.0,"[0, 10.0, 2.0, 3.0, 6.0, 0, 0, 0, 0]",0.0,12.0,12.0,1.0,12.0,0.0,0,0.0,0.0,|,2.0,[0],9.0,9.0,0.0,"[0, 9.0, 0]",0.0,2.0,2.0,1.0,19.0,0.0,0,0.0,0.0,|,2.0,[0],6.0,9.0,2.0,"[0, 3.0, 6.0, 0, 0]",0.0,2.0,2.0,1.0,29.0,0.0,0,0.0,0.0
19,|,9,[0],0.0,0.0,0.0,0.0,8.0,8.0,"[0, 0.0, 0]","[0, 0.0, 0]",0.0,0.0,8.0,0.0,0.2,-15.0,0.0,0.0,0.0,0.0,|,0.0,[0],0.0,0.0,12.0,"[0, 0.0, 0]",0.0,0.0,0.0,1.0,12.0,0.0,0,0.0,0.0,|,0.0,[0],2.0,23.0,10.0,"[0, 5.0, 16.0, 2.0, 0, 0, 0]",0.0,0.0,0.0,1.0,12.0,0.0,0,0.0,0.0,|,2.0,[0],4.0,4.0,6.0,6.0,0.0,0.0,"[0, 2.0, 4.0, 0, 0]","[0, 2.0, 4.0, 0, 0]",0.0,0.0,2.0,2.0,1.0,0.0,0.0,0,0.0,0.0,|,0.0,[0],6.0,17.0,10.0,"[0, 2.0, 3.0, 6.0, 6.0, 0, 0, 0, 0]",0.0,0.0,0.0,1.0,22.0,0.0,0,0.0,0.0,|,4.0,[0],6.0,6.0,9.0,"[0, 6.0, 0]",0.0,4.0,4.0,1.0,24.0,0.0,0,0.0,0.0,|,4.0,[0],6.0,12.0,3.0,"[0, 6.0, 6.0, 0, 0]",0.0,4.0,4.0,1.0,28.0,0.0,0,0.0,0.0
20,|,9,[0],12.0,12.0,12.0,12.0,0.0,0.0,"[0, 12.0, 0]","[0, 12.0, 0]",0.0,0.0,0.0,0.0,0.18421052631578946,-24.0,0.0,0.0,0.0,0.0,|,12.0,[0],16.0,16.0,0.0,"[0, 16.0, 0]",0.0,12.0,12.0,1.0,0.0,0.0,0,0.0,0.0,|,12.0,[0],0.0,18.0,5.0,"[0, 16.0, 2.0, 0.0, 0, 0, 0]",0.0,12.0,12.0,1.0,5.0,0.0,0,0.0,0.0,|,0.0,[0],17.0,17.0,21.0,21.0,2.0,2.0,"[0, 4.0, 17.0, 0, 0]","[0, 4.0, 17.0, 0, 0]",0.0,0.0,0.0,0.0,1.0,2.0,0.0,0,0.0,0.0,|,16.0,[0],9.0,24.0,2.0,"[0, 3.0, 6.0, 6.0, 9.0, 0, 0, 0, 0]",0.0,16.0,16.0,1.0,8.0,0.0,0,0.0,0.0,|,17.0,[0],4.0,4.0,6.0,"[0, 4.0, 0]",0.0,17.0,17.0,1.0,13.0,0.0,0,0.0,0.0,|,17.0,[0],9.0,15.0,6.0,"[0, 6.0, 9.0, 0, 0]",0.0,17.0,17.0,1.0,17.0,0.0,0,0.0,0.0
21,|,1,[0],0.0,0.0,0.0,0.0,12.0,12.0,"[0, 0.0, 0]","[0, 0.0, 0]",0.0,0.0,12.0,0.0,0.1826086956521739,-13.0,0.0,0.0,0.0,0.0,|,0.0,[0],0.0,0.0,16.0,"[0, 0.0, 0]",0.0,0.0,0.0,1.0,16.0,0.0,0,0.0,0.0,|,0.0,[0],2.0,4.0,16.0,"[0, 2.0, 0.0, 2.0, 0, 0, 0]",0.0,0.0,0.0,1.0,21.0,0.0,0,0.0,0.0,|,2.0,[0],8.0,8.0,25.0,25.0,4.0,4.0,"[0, 17.0, 8.0, 0, 0]","[0, 17.0, 8.0, 0, 0]",0.0,0.0,2.0,2.0,1.0,4.0,0.0,0,0.0,0.0,|,0.0,[0],9.0,30.0,3.0,"[0, 6.0, 6.0, 9.0, 9.0, 0, 0, 0, 0]",0.0,0.0,0.0,1.0,11.0,0.0,0,0.0,0.0,|,8.0,[0],9.0,9.0,4.0,"[0, 9.0, 0]",0.0,8.0,8.0,1.0,9.0,0.0,0,0.0,0.0,|,8.0,[0],9.0,18.0,6.0,"[0, 9.0, 9.0, 0, 0]",0.0,8.0,8.0,1.0,15.0,0.0,0,0.0,0.0
22,|,5,[0],16.0,16.0,16.0,16.0,0.0,0.0,"[0, 16.0, 0]","[0, 16.0, 0]",0.0,0.0,0.0,0.0,0.175,-18.0,0.0,0.0,0.0,0.0,|,16.0,[0],5.0,5.0,0.0,"[0, 5.0, 0]",0.0,16.0,16.0,1.0,0.0,0.0,0,0.0,0.0,|,16.0,[0],4.0,6.0,2.0,"[0, 0.0, 2.0, 4.0, 0, 0, 0]",0.0,16.0,16.0,1.0,7.0,0.0,0,0.0,0.0,|,4.0,[0],0.0,0.0,8.0,8.0,17.0,17.0,"[0, 8.0, 0.0, 0, 0]","[0, 8.0, 0.0, 0, 0]",0.0,0.0,4.0,4.0,1.0,17.0,0.0,0,0.0,0.0,|,5.0,[0],1.0,25.0,6.0,"[0, 6.0, 9.0, 9.0, 1.0, 0, 0, 0, 0]",0.0,5.0,5.0,1.0,12.0,0.0,0,0.0,0.0,|,0.0,[0],6.0,6.0,9.0,"[0, 6.0, 0]",0.0,0.0,0.0,1.0,18.0,0.0,0,0.0,0.0,|,0.0,[0],1.0,10.0,9.0,"[0, 9.0, 1.0, 0, 0]",0.0,0.0,0.0,1.0,24.0,0.0,0,0.0,0.0
23,|,1,[0],0.0,0.0,0.0,0.0,16.0,16.0,"[0, 0.0, 0]","[0, 0.0, 0]",0.0,0.0,16.0,0.0,0.17355371900826447,-3.0,0.0,0.0,0.0,0.0,|,0.0,[0],4.0,4.0,5.0,"[0, 4.0, 0]",0.0,0.0,0.0,1.0,5.0,0.0,0,0.0,0.0,|,0.0,[0],17.0,23.0,0.0,"[0, 2.0, 4.0, 17.0, 0, 0, 0]",0.0,0.0,0.0,1.0,7.0,0.0,0,0.0,0.0,|,17.0,[0],3.0,3.0,3.0,3.0,8.0,8.0,"[0, 0.0, 3.0, 0, 0]","[0, 0.0, 3.0, 0, 0]",0.0,0.0,17.0,17.0,1.0,8.0,0.0,0,0.0,0.0,|,4.0,[0],5.0,24.0,6.0,"[0, 9.0, 9.0, 1.0, 5.0, 0, 0, 0, 0]",0.0,4.0,4.0,1.0,14.0,0.0,0,0.0,0.0,|,3.0,[0],1.0,1.0,6.0,"[0, 1.0, 0]",0.0,3.0,3.0,1.0,21.0,0.0,0,0.0,0.0,|,3.0,[0],5.0,6.0,9.0,"[0, 1.0, 5.0, 0, 0]",0.0,3.0,3.0,1.0,30.0,0.0,0,0.0,0.0
24,|,0,[0],5.0,5.0,5.0,5.0,0.0,0.0,"[0, 5.0, 0]","[0, 5.0, 0]",0.0,0.0,0.0,0.0,0.17355371900826447,-3.0,0.0,0.0,0.0,0.0,|,5.0,[0],2.0,2.0,4.0,"[0, 2.0, 0]",0.0,5.0,5.0,1.0,4.0,0.0,0,0.0,0.0,|,5.0,[0],8.0,29.0,2.0,"[0, 4.0, 17.0, 8.0, 0, 0, 0]",0.0,5.0,5.0,1.0,4.0,0.0,0,0.0,0.0,|,8.0,[0],0.0,0.0,3.0,3.0,0.0,0.0,"[0, 3.0, 0.0, 0, 0]","[0, 3.0, 0.0, 0, 0]",0.0,0.0,8.0,8.0,1.0,0.0,0.0,0,0.0,0.0,|,2.0,[0],1.0,16.0,9.0,"[0, 9.0, 1.0, 5.0, 1.0, 0, 0, 0, 0]",0.0,2.0,2.0,1.0,21.0,0.0,0,0.0,0.0,|,0.0,[0],5.0,5.0,1.0,"[0, 5.0, 0]",0.0,0.0,0.0,1.0,22.0,0.0,0,0.0,0.0,|,0.0,[0],1.0,6.0,1.0,"[0, 5.0, 1.0, 0, 0]",0.0,0.0,0.0,1.0,31.0,0.0,0,0.0,0.0
25,|,5,[0],4.0,4.0,4.0,4.0,5.0,5.0,"[0, 4.0, 0]","[0, 4.0, 0]",0.0,0.0,5.0,2.0,0.18253968253968253,-3.0,0.0,0.0,0.0,0.0,|,4.0,[0],12.0,12.0,2.0,"[0, 12.0, 0]",0.0,4.0,4.0,1.0,2.0,0.0,0,0.0,0.0,|,4.0,[0],0.0,25.0,4.0,"[0, 17.0, 8.0, 0.0, 0, 0, 0]",0.0,4.0,4.0,1.0,4.0,0.0,0,0.0,0.0,|,0.0,[0],0.0,0.0,0.0,0.0,3.0,3.0,"[0, 0.0, 0.0, 0, 0]","[0, 0.0, 0.0, 0, 0]",0.0,0.0,0.0,0.0,1.0,3.0,0.0,0,0.0,0.0,|,12.0,[0],0.0,7.0,9.0,"[0, 1.0, 5.0, 1.0, 0.0, 0, 0, 0, 0]",0.0,12.0,12.0,1.0,18.0,0.0,0,0.0,0.0,|,0.0,[0],0.0,0.0,5.0,"[0, 0.0, 0]",0.0,0.0,0.0,1.0,27.0,0.0,0,0.0,0.0,|,0.0,[0],0.0,1.0,5.0,"[0, 1.0, 0.0, 0, 0]",0.0,0.0,0.0,1.0,36.0,0.0,0,0.0,0.0
26,|,6,[0],2.0,2.0,2.0,2.0,4.0,4.0,"[0, 2.0, 0]","[0, 2.0, 0]",0.0,0.0,4.0,1.0,0.18181818181818182,-5.0,0.0,0.0,0.0,0.0,|,2.0,[0],0.0,0.0,12.0,"[0, 0.0, 0]",0.0,2.0,2.0,1.0,12.0,0.0,0,0.0,0.0,|,2.0,[0],3.0,11.0,17.0,"[0, 8.0, 0.0, 3.0, 0, 0, 0]",0.0,2.0,2.0,1.0,19.0,0.0,0,0.0,0.0,|,3.0,[0],11.0,11.0,11.0,11.0,0.0,0.0,"[0, 0.0, 11.0, 0, 0]","[0, 0.0, 11.0, 0, 0]",0.0,0.0,3.0,3.0,1.0,0.0,0.0,0,0.0,0.0,|,0.0,[0],5.0,11.0,1.0,"[0, 5.0, 1.0, 0.0, 5.0, 0, 0, 0, 0]",0.0,0.0,0.0,1.0,19.0,0.0,0,0.0,0.0,|,11.0,[0],5.0,5.0,0.0,"[0, 5.0, 0]",0.0,11.0,11.0,1.0,16.0,0.0,0,0.0,0.0,|,11.0,[0],5.0,5.0,1.0,"[0, 0.0, 5.0, 0, 0]",0.0,11.0,11.0,1.0,26.0,0.0,0,0.0,0.0
27,|,6,[0],9.0,9.0,9.0,9.0,2.0,2.0,"[0, 9.0, 0]","[0, 9.0, 0]",0.0,0.0,2.0,0.0,0.17391304347826086,-9.0,0.0,0.0,0.0,0.0,|,9.0,[0],7.0,7.0,0.0,"[0, 7.0, 0]",0.0,9.0,9.0,1.0,3.0,0.0,0,0.0,0.0,|,9.0,[0],0.0,3.0,8.0,"[0, 0.0, 3.0, 0.0, 0, 0, 0]",0.0,9.0,9.0,1.0,18.0,0.0,0,0.0,0.0,|,0.0,[0],2.0,2.0,13.0,13.0,0.0,0.0,"[0, 11.0, 2.0, 0, 0]","[0, 11.0, 2.0, 0, 0]",0.0,0.0,0.0,0.0,1.0,0.0,0.0,0,0.0,0.0,|,7.0,[0],6.0,12.0,5.0,"[0, 1.0, 0.0, 5.0, 6.0, 0, 0, 0, 0]",0.0,7.0,7.0,1.0,17.0,0.0,0,0.0,0.0,|,2.0,[0],6.0,6.0,5.0,"[0, 6.0, 0]",0.0,2.0,2.0,1.0,19.0,0.0,0,0.0,0.0,|,2.0,[0],6.0,11.0,0.0,"[0, 5.0, 6.0, 0, 0]",0.0,2.0,2.0,1.0,24.0,0.0,0,0.0,0.0
28,|,2,[0],3.0,3.0,3.0,3.0,9.0,9.0,"[0, 3.0, 0]","[0, 3.0, 0]",0.0,0.0,9.0,0.0,0.17142857142857143,-2.0,0.0,0.0,0.0,0.0,|,3.0,[0],10.0,10.0,7.0,"[0, 10.0, 0]",0.0,3.0,3.0,1.0,7.0,0.0,0,0.0,0.0,|,3.0,[0],0.0,3.0,0.0,"[0, 3.0, 0.0, 0.0, 0, 0, 0]",0.0,3.0,3.0,1.0,15.0,0.0,0,0.0,0.0,|,0.0,[0],10.0,10.0,12.0,12.0,11.0,11.0,"[0, 2.0, 10.0, 0, 0]","[0, 2.0, 10.0, 0, 0]",0.0,0.0,0.0,0.0,1.0,11.0,0.0,0,0.0,0.0,|,10.0,[0],6.0,17.0,1.0,"[0, 0.0, 5.0, 6.0, 6.0, 0, 0, 0, 0]",0.0,10.0,10.0,1.0,8.0,0.0,0,0.0,0.0,|,10.0,[0],5.0,5.0,6.0,"[0, 5.0, 0]",0.0,10.0,10.0,1.0,15.0,0.0,0,0.0,0.0,|,10.0,[0],6.0,12.0,5.0,"[0, 6.0, 6.0, 0, 0]",0.0,10.0,10.0,1.0,19.0,0.0,0,0.0,0.0
29,|,6,[0],5.0,5.0,5.0,5.0,3.0,3.0,"[0, 5.0, 0]","[0, 5.0, 0]",0.0,0.0,3.0,1.0,0.17123287671232876,-5.0,0.0,0.0,0.0,0.0,|,5.0,[0],0.0,0.0,10.0,"[0, 0.0, 0]",0.0,5.0,5.0,1.0,12.0,0.0,0,0.0,0.0,|,5.0,[0],11.0,11.0,3.0,"[0, 0.0, 0.0, 11.0, 0, 0, 0]",0.0,5.0,5.0,1.0,13.0,0.0,0,0.0,0.0,|,11.0,[0],3.0,3.0,13.0,13.0,2.0,2.0,"[0, 10.0, 3.0, 0, 0]","[0, 10.0, 3.0, 0, 0]",0.0,0.0,11.0,11.0,1.0,2.0,0.0,0,0.0,0.0,|,0.0,[0],2.0,19.0,0.0,"[0, 5.0, 6.0, 6.0, 2.0, 0, 0, 0, 0]",0.0,0.0,0.0,1.0,8.0,0.0,0,0.0,0.0,|,3.0,[0],3.0,3.0,5.0,"[0, 3.0, 0]",0.0,3.0,3.0,1.0,17.0,0.0,0,0.0,0.0,|,3.0,[0],2.0,8.0,6.0,"[0, 6.0, 2.0, 0, 0]",0.0,3.0,3.0,1.0,22.0,0.0,0,0.0,0.0
30,|,9,[0],6.0,6.0,6.0,6.0,5.0,5.0,"[0, 6.0, 0]","[0, 6.0, 0]",0.0,0.0,5.0,0.0,0.16129032258064516,-9.0,0.0,0.0,0.0,0.0,|,6.0,[0],1.0,1.0,0.0,"[0, 1.0, 0]",0.0,6.0,6.0,1.0,6.0,0.0,0,0.0,0.0,|,6.0,[0],2.0,13.0,0.0,"[0, 0.0, 11.0, 2.0, 0, 0, 0]",0.0,6.0,6.0,1.0,7.0,0.0,0,0.0,0.0,|,2.0,[0],1.0,1.0,4.0,4.0,10.0,10.0,"[0, 3.0, 1.0, 0, 0]","[0, 3.0, 1.0, 0, 0]",0.0,0.0,2.0,2.0,1.0,10.0,0.0,0,0.0,0.0,|,1.0,[0],6.0,20.0,5.0,"[0, 6.0, 6.0, 2.0, 6.0, 0, 0, 0, 0]",0.0,1.0,1.0,1.0,12.0,0.0,0,0.0,0.0,|,1.0,[0],4.0,4.0,3.0,"[0, 4.0, 0]",0.0,1.0,1.0,1.0,19.0,0.0,0,0.0,0.0,|,1.0,[0],6.0,8.0,6.0,"[0, 2.0, 6.0, 0, 0]",0.0,1.0,1.0,1.0,27.0,0.0,0,0.0,0.0
31,|,8,[0],6.0,6.0,6.0,6.0,6.0,6.0,"[0, 6.0, 0]","[0, 6.0, 0]",0.0,0.0,6.0,0.0,0.15337423312883436,-11.0,0.0,0.0,0.0,0.0,|,6.0,[0],11.0,11.0,1.0,"[0, 11.0, 0]",0.0,6.0,6.0,1.0,1.0,0.0,0,0.0,0.0,|,6.0,[0],10.0,23.0,0.0,"[0, 11.0, 2.0, 10.0, 0, 0, 0]",0.0,6.0,6.0,1.0,1.0,0.0,0,0.0,0.0,|,10.0,[0],8.0,8.0,9.0,9.0,3.0,3.0,"[0, 1.0, 8.0, 0, 0]","[0, 1.0, 8.0, 0, 0]",0.0,0.0,10.0,10.0,1.0,3.0,0.0,0,0.0,0.0,|,11.0,[0],9.0,23.0,6.0,"[0, 6.0, 2.0, 6.0, 9.0, 0, 0, 0, 0]",0.0,11.0,11.0,1.0,7.0,0.0,0,0.0,0.0,|,8.0,[0],10.0,10.0,4.0,"[0, 10.0, 0]",0.0,8.0,8.0,1.0,15.0,0.0,0,0.0,0.0,|,8.0,[0],9.0,15.0,2.0,"[0, 6.0, 9.0, 0, 0]",0.0,8.0,8.0,1.0,21.0,0.0,0,0.0,0.0
32,|,10,[0],1.0,1.0,1.0,1.0,6.0,6.0,"[0, 1.0, 0]","[0, 1.0, 0]",0.0,0.0,6.0,0.0,0.14450867052023122,-15.0,0.0,0.0,0.0,0.0,|,1.0,[0],0.0,0.0,11.0,"[0, 0.0, 0]",0.0,1.0,1.0,1.0,11.0,0.0,0,0.0,0.0,|,1.0,[0],3.0,15.0,11.0,"[0, 2.0, 10.0, 3.0, 0, 0, 0]",0.0,1.0,1.0,1.0,11.0,0.0,0,0.0,0.0,|,3.0,[0],8.0,8.0,16.0,16.0,1.0,1.0,"[0, 8.0, 8.0, 0, 0]","[0, 8.0, 8.0, 0, 0]",0.0,0.0,3.0,3.0,1.0,1.0,0.0,0,0.0,0.0,|,0.0,[0],8.0,25.0,6.0,"[0, 2.0, 6.0, 9.0, 8.0, 0, 0, 0, 0]",0.0,0.0,0.0,1.0,13.0,0.0,0,0.0,0.0,|,8.0,[0],5.0,5.0,10.0,"[0, 5.0, 0]",0.0,8.0,8.0,1.0,17.0,0.0,0,0.0,0.0,|,8.0,[0],8.0,17.0,6.0,"[0, 9.0, 8.0, 0, 0]",0.0,8.0,8.0,1.0,19.0,0.0,0,0.0,0.0
33,|,3,[0],11.0,11.0,11.0,11.0,1.0,1.0,"[0, 11.0, 0]","[0, 11.0, 0]",0.0,0.0,1.0,0.0,0.14204545454545456,-17.0,0.0,0.0,0.0,0.0,|,11.0,[0],10.0,10.0,0.0,"[0, 10.0, 0]",0.0,11.0,11.0,1.0,0.0,0.0,0,0.0,0.0,|,11.0,[0],1.0,14.0,2.0,"[0, 10.0, 3.0, 1.0, 0, 0, 0]",0.0,11.0,11.0,1.0,2.0,0.0,0,0.0,0.0,|,1.0,[0],14.0,14.0,22.0,22.0,8.0,8.0,"[0, 8.0, 14.0, 0, 0]","[0, 8.0, 14.0, 0, 0]",0.0,0.0,1.0,1.0,1.0,8.0,0.0,0,0.0,0.0,|,10.0,[0],10.0,33.0,2.0,"[0, 6.0, 9.0, 8.0, 10.0, 0, 0, 0, 0]",0.0,10.0,10.0,1.0,5.0,0.0,0,0.0,0.0,|,14.0,[0],5.0,5.0,5.0,"[0, 5.0, 0]",0.0,14.0,14.0,1.0,8.0,0.0,0,0.0,0.0,|,14.0,[0],10.0,18.0,9.0,"[0, 8.0, 10.0, 0, 0]",0.0,14.0,14.0,1.0,14.0,0.0,0,0.0,0.0
34,|,2,[0],0.0,0.0,0.0,0.0,11.0,11.0,"[0, 0.0, 0]","[0, 0.0, 0]",0.0,0.0,11.0,0.0,0.1404494382022472,-8.0,0.0,0.0,0.0,0.0,|,0.0,[0],0.0,0.0,10.0,"[0, 0.0, 0]",0.0,0.0,0.0,1.0,10.0,0.0,0,0.0,0.0,|,0.0,[0],8.0,12.0,10.0,"[0, 3.0, 1.0, 8.0, 0, 0, 0]",0.0,0.0,0.0,1.0,12.0,0.0,0,0.0,0.0,|,8.0,[0],0.0,0.0,14.0,14.0,8.0,8.0,"[0, 14.0, 0.0, 0, 0]","[0, 14.0, 0.0, 0, 0]",0.0,0.0,8.0,8.0,1.0,8.0,0.0,0,0.0,0.0,|,0.0,[0],3.0,30.0,6.0,"[0, 9.0, 8.0, 10.0, 3.0, 0, 0, 0, 0]",0.0,0.0,0.0,1.0,11.0,0.0,0,0.0,0.0,|,0.0,[0],11.0,11.0,5.0,"[0, 11.0, 0]",0.0,0.0,0.0,1.0,13.0,0.0,0,0.0,0.0,|,0.0,[0],3.0,13.0,8.0,"[0, 10.0, 3.0, 0, 0]",0.0,0.0,0.0,1.0,22.0,0.0,0,0.0,0.0
35,|,1,[0],10.0,10.0,10.0,10.0,0.0,0.0,"[0, 10.0, 0]","[0, 10.0, 0]",0.0,0.0,0.0,0.0,0.13966480446927373,-9.0,0.0,0.0,0.0,0.0,|,10.0,[0],3.0,3.0,0.0,"[0, 3.0, 0]",0.0,10.0,10.0,1.0,0.0,0.0,0,0.0,0.0,|,10.0,[0],8.0,17.0,3.0,"[0, 1.0, 8.0, 8.0, 0, 0, 0]",0.0,10.0,10.0,1.0,5.0,0.0,0,0.0,0.0,|,8.0,[0],0.0,0.0,0.0,0.0,14.0,14.0,"[0, 0.0, 0.0, 0, 0]","[0, 0.0, 0.0, 0, 0]",0.0,0.0,8.0,8.0,1.0,14.0,0.0,0,0.0,0.0,|,3.0,[0],2.0,23.0,9.0,"[0, 8.0, 10.0, 3.0, 2.0, 0, 0, 0, 0]",0.0,3.0,3.0,1.0,17.0,0.0,0,0.0,0.0,|,0.0,[0],1.0,1.0,11.0,"[0, 1.0, 0]",0.0,0.0,0.0,1.0,24.0,0.0,0,0.0,0.0,|,0.0,[0],2.0,5.0,10.0,"[0, 3.0, 2.0, 0, 0]",0.0,0.0,0.0,1.0,32.0,0.0,0,0.0,0.0
36,|,9,[0],0.0,0.0,0.0,0.0,10.0,10.0,"[0, 0.0, 0]","[0, 0.0, 0]",0.0,0.0,10.0,1.0,0.13829787234042554,-8.0,0.0,0.0,0.0,0.0,|,0.0,[0],10.0,10.0,3.0,"[0, 10.0, 0]",0.0,0.0,0.0,1.0,3.0,0.0,0,0.0,0.0,|,0.0,[0],12.0,28.0,1.0,"[0, 8.0, 8.0, 12.0, 0, 0, 0]",0.0,0.0,0.0,1.0,6.0,0.0,0,0.0,0.0,|,12.0,[0],0.0,0.0,0.0,0.0,0.0,0.0,"[0, 0.0, 0.0, 0, 0]","[0, 0.0, 0.0, 0, 0]",0.0,0.0,12.0,12.0,1.0,2.0,0.0,0,0.0,0.0,|,10.0,[0],1.0,16.0,8.0,"[0, 10.0, 3.0, 2.0, 1.0, 0, 0, 0, 0]",0.0,10.0,10.0,1.0,15.0,0.0,0,0.0,0.0,|,0.0,[0],3.0,3.0,1.0,"[0, 3.0, 0]",0.0,0.0,0.0,1.0,25.0,0.0,0,0.0,0.0,|,0.0,[0],1.0,3.0,3.0,"[0, 2.0, 1.0, 0, 0]",0.0,0.0,0.0,1.0,35.0,0.0,0,0.0,0.0
37,|,8,[0],3.0,3.0,3.0,3.0,0.0,0.0,"[0, 3.0, 0]","[0, 3.0, 0]",0.0,0.0,0.0,0.0,0.1326530612244898,-16.0,0.0,0.0,0.0,0.0,|,3.0,[0],1.0,1.0,10.0,"[0, 1.0, 0]",0.0,3.0,3.0,1.0,10.0,0.0,0,0.0,0.0,|,3.0,[0],2.0,22.0,8.0,"[0, 8.0, 12.0, 2.0, 0, 0, 0]",0.0,3.0,3.0,1.0,11.0,0.0,0,0.0,0.0,|,2.0,[0],7.0,7.0,7.0,7.0,0.0,0.0,"[0, 0.0, 7.0, 0, 0]","[0, 0.0, 7.0, 0, 0]",0.0,0.0,2.0,2.0,1.0,0.0,0.0,0,0.0,0.0,|,1.0,[0],9.0,15.0,10.0,"[0, 3.0, 2.0, 1.0, 9.0, 0, 0, 0, 0]",0.0,1.0,1.0,1.0,24.0,0.0,0,0.0,0.0,|,7.0,[0],8.0,8.0,3.0,"[0, 8.0, 0]",0.0,7.0,7.0,1.0,21.0,0.0,0,0.0,0.0,|,7.0,[0],9.0,10.0,2.0,"[0, 1.0, 9.0, 0, 0]",0.0,7.0,7.0,1.0,30.0,0.0,0,0.0,0.0
38,|,3,[0],10.0,10.0,10.0,10.0,3.0,3.0,"[0, 10.0, 0]","[0, 10.0, 0]",0.0,0.0,3.0,0.0,0.1306532663316583,-16.0,0.0,0.0,0.0,0.0,|,10.0,[0],12.0,12.0,1.0,"[0, 12.0, 0]",0.0,10.0,10.0,1.0,1.0,0.0,0,0.0,0.0,|,10.0,[0],0.0,14.0,8.0,"[0, 12.0, 2.0, 0.0, 0, 0, 0]",0.0,10.0,10.0,1.0,9.0,0.0,0,0.0,0.0,|,0.0,[0],15.0,15.0,22.0,22.0,0.0,0.0,"[0, 7.0, 15.0, 0, 0]","[0, 7.0, 15.0, 0, 0]",0.0,0.0,0.0,0.0,1.0,0.0,0.0,0,0.0,0.0,|,12.0,[0],8.0,20.0,3.0,"[0, 2.0, 1.0, 9.0, 8.0, 0, 0, 0, 0]",0.0,12.0,12.0,1.0,15.0,0.0,0,0.0,0.0,|,15.0,[0],9.0,9.0,8.0,"[0, 9.0, 0]",0.0,15.0,15.0,1.0,14.0,0.0,0,0.0,0.0,|,15.0,[0],8.0,17.0,1.0,"[0, 9.0, 8.0, 0, 0]",0.0,15.0,15.0,1.0,16.0,0.0,0,0.0,0.0
39,|,2,[0],1.0,1.0,1.0,1.0,10.0,10.0,"[0, 1.0, 0]","[0, 1.0, 0]",0.0,0.0,10.0,0.0,0.12935323383084577,-8.0,0.0,0.0,0.0,0.0,|,1.0,[0],0.0,0.0,12.0,"[0, 0.0, 0]",0.0,1.0,1.0,1.0,12.0,0.0,0,0.0,0.0,|,1.0,[0],0.0,2.0,12.0,"[0, 2.0, 0.0, 0.0, 0, 0, 0]",0.0,1.0,1.0,1.0,20.0,0.0,0,0.0,0.0,|,0.0,[0],4.0,4.0,19.0,19.0,7.0,7.0,"[0, 15.0, 4.0, 0, 0]","[0, 15.0, 4.0, 0, 0]",0.0,0.0,0.0,0.0,1.0,7.0,0.0,0,0.0,0.0,|,0.0,[0],3.0,21.0,2.0,"[0, 1.0, 9.0, 8.0, 3.0, 0, 0, 0, 0]",0.0,0.0,0.0,1.0,17.0,0.0,0,0.0,0.0,|,4.0,[0],1.0,1.0,9.0,"[0, 1.0, 0]",0.0,4.0,4.0,1.0,19.0,0.0,0,0.0,0.0,|,4.0,[0],3.0,11.0,9.0,"[0, 8.0, 3.0, 0, 0]",0.0,4.0,4.0,1.0,21.0,0.0,0,0.0,0.0
40,|,7,[0],12.0,12.0,12.0,12.0,1.0,1.0,"[0, 12.0, 0]","[0, 12.0, 0]",0.0,0.0,1.0,0.0,0.125,-14.0,0.0,0.0,0.0,0.0,|,12.0,[0],8.0,8.0,0.0,"[0, 8.0, 0]",0.0,12.0,12.0,1.0,0.0,0.0,0,0.0,0.0,|,12.0,[0],7.0,7.0,2.0,"[0, 0.0, 0.0, 7.0, 0, 0, 0]",0.0,12.0,12.0,1.0,10.0,0.0,0,0.0,0.0,|,7.0,[0],3.0,3.0,7.0,7.0,15.0,15.0,"[0, 4.0, 3.0, 0, 0]","[0, 4.0, 3.0, 0, 0]",0.0,0.0,7.0,7.0,1.0,15.0,0.0,0,0.0,0.0,|,8.0,[0],2.0,22.0,1.0,"[0, 9.0, 8.0, 3.0, 2.0, 0, 0, 0, 0]",0.0,8.0,8.0,1.0,10.0,0.0,0,0.0,0.0,|,3.0,[0],4.0,4.0,1.0,"[0, 4.0, 0]",0.0,3.0,3.0,1.0,17.0,0.0,0,0.0,0.0,|,3.0,[0],2.0,5.0,8.0,"[0, 3.0, 2.0, 0, 0]",0.0,3.0,3.0,1.0,26.0,0.0,0,0.0,0.0
41,|,10,[0],0.0,0.0,0.0,0.0,12.0,12.0,"[0, 0.0, 0]","[0, 0.0, 0]",0.0,0.0,12.0,0.0,0.11926605504587157,-12.0,0.0,0.0,0.0,0.0,|,0.0,[0],2.0,2.0,8.0,"[0, 2.0, 0]",0.0,0.0,0.0,1.0,8.0,0.0,0,0.0,0.0,|,0.0,[0],15.0,22.0,0.0,"[0, 0.0, 7.0, 15.0, 0, 0, 0]",0.0,0.0,0.0,1.0,10.0,0.0,0,0.0,0.0,|,15.0,[0],0.0,0.0,3.0,3.0,4.0,4.0,"[0, 3.0, 0.0, 0, 0]","[0, 3.0, 0.0, 0, 0]",0.0,0.0,15.0,15.0,1.0,4.0,0.0,0,0.0,0.0,|,2.0,[0],7.0,20.0,9.0,"[0, 8.0, 3.0, 2.0, 7.0, 0, 0, 0, 0]",0.0,2.0,2.0,1.0,17.0,0.0,0,0.0,0.0,|,0.0,[0],7.0,7.0,4.0,"[0, 7.0, 0]",0.0,0.0,0.0,1.0,21.0,0.0,0,0.0,0.0,|,0.0,[0],7.0,9.0,3.0,"[0, 2.0, 7.0, 0, 0]",0.0,0.0,0.0,1.0,29.0,0.0,0,0.0,0.0
42,|,8,[0],8.0,8.0,8.0,8.0,0.0,0.0,"[0, 8.0, 0]","[0, 8.0, 0]",0.0,0.0,0.0,0.0,0.11504424778761062,-20.0,0.0,0.0,0.0,0.0,|,8.0,[0],7.0,7.0,2.0,"[0, 7.0, 0]",0.0,8.0,8.0,1.0,2.0,0.0,0,0.0,0.0,|,8.0,[0],4.0,26.0,0.0,"[0, 7.0, 15.0, 4.0, 0, 0, 0]",0.0,8.0,8.0,1.0,2.0,0.0,0,0.0,0.0,|,4.0,[0],10.0,10.0,10.0,10.0,3.0,3.0,"[0, 0.0, 10.0, 0, 0]","[0, 0.0, 10.0, 0, 0]",0.0,0.0,4.0,4.0,1.0,3.0,0.0,0,0.0,0.0,|,7.0,[0],10.0,22.0,8.0,"[0, 3.0, 2.0, 7.0, 10.0, 0, 0, 0, 0]",0.0,7.0,7.0,1.0,18.0,0.0,0,0.0,0.0,|,10.0,[0],8.0,8.0,7.0,"[0, 8.0, 0]",0.0,10.0,10.0,1.0,18.0,0.0,0,0.0,0.0,|,10.0,[0],10.0,17.0,2.0,"[0, 7.0, 10.0, 0, 0]",0.0,10.0,10.0,1.0,21.0,0.0,0,0.0,0.0
43,|,9,[0],2.0,2.0,2.0,2.0,8.0,8.0,"[0, 2.0, 0]","[0, 2.0, 0]",0.0,0.0,8.0,0.0,0.11063829787234042,-21.0,0.0,0.0,0.0,0.0,|,2.0,[0],8.0,8.0,7.0,"[0, 8.0, 0]",0.0,2.0,2.0,1.0,7.0,0.0,0,0.0,0.0,|,2.0,[0],3.0,22.0,7.0,"[0, 15.0, 4.0, 3.0, 0, 0, 0]",0.0,2.0,2.0,1.0,7.0,0.0,0,0.0,0.0,|,3.0,[0],13.0,13.0,23.0,23.0,0.0,0.0,"[0, 10.0, 13.0, 0, 0]","[0, 10.0, 13.0, 0, 0]",0.0,0.0,3.0,3.0,1.0,0.0,0.0,0,0.0,0.0,|,8.0,[0],8.0,27.0,3.0,"[0, 2.0, 7.0, 10.0, 8.0, 0, 0, 0, 0]",0.0,8.0,8.0,1.0,13.0,0.0,0,0.0,0.0,|,13.0,[0],5.0,5.0,8.0,"[0, 5.0, 0]",0.0,13.0,13.0,1.0,13.0,0.0,0,0.0,0.0,|,13.0,[0],8.0,18.0,7.0,"[0, 10.0, 8.0, 0, 0]",0.0,13.0,13.0,1.0,15.0,0.0,0,0.0,0.0
44,|,10,[0],7.0,7.0,7.0,7.0,2.0,2.0,"[0, 7.0, 0]","[0, 7.0, 0]",0.0,0.0,2.0,0.0,0.10612244897959183,-29.0,0.0,0.0,0.0,0.0,|,7.0,[0],0.0,0.0,8.0,"[0, 0.0, 0]",0.0,7.0,7.0,1.0,8.0,0.0,0,0.0,0.0,|,7.0,[0],0.0,7.0,15.0,"[0, 4.0, 3.0, 0.0, 0, 0, 0]",0.0,7.0,7.0,1.0,15.0,0.0,0,0.0,0.0,|,0.0,[0],10.0,10.0,23.0,23.0,10.0,10.0,"[0, 13.0, 10.0, 0, 0]","[0, 13.0, 10.0, 0, 0]",0.0,0.0,0.0,0.0,1.0,10.0,0.0,0,0.0,0.0,|,0.0,[0],9.0,34.0,2.0,"[0, 7.0, 10.0, 8.0, 9.0, 0, 0, 0, 0]",0.0,0.0,0.0,1.0,15.0,0.0,0,0.0,0.0,|,10.0,[0],5.0,5.0,5.0,"[0, 5.0, 0]",0.0,10.0,10.0,1.0,8.0,0.0,0,0.0,0.0,|,10.0,[0],9.0,17.0,10.0,"[0, 8.0, 9.0, 0, 0]",0.0,10.0,10.0,1.0,15.0,0.0,0,0.0,0.0
45,|,2,[0],8.0,8.0,8.0,8.0,7.0,7.0,"[0, 8.0, 0]","[0, 8.0, 0]",0.0,0.0,7.0,0.0,0.10526315789473684,-24.0,0.0,0.0,0.0,0.0,|,8.0,[0],10.0,10.0,0.0,"[0, 10.0, 0]",0.0,8.0,8.0,1.0,0.0,0.0,0,0.0,0.0,|,8.0,[0],10.0,13.0,4.0,"[0, 3.0, 0.0, 10.0, 0, 0, 0]",0.0,8.0,8.0,1.0,11.0,0.0,0,0.0,0.0,|,10.0,[0],1.0,1.0,11.0,11.0,13.0,13.0,"[0, 10.0, 1.0, 0, 0]","[0, 10.0, 1.0, 0, 0]",0.0,0.0,10.0,10.0,1.0,13.0,0.0,0,0.0,0.0,|,10.0,[0],6.0,33.0,7.0,"[0, 10.0, 8.0, 9.0, 6.0, 0, 0, 0, 0]",0.0,10.0,10.0,1.0,12.0,0.0,0,0.0,0.0,|,1.0,[0],11.0,11.0,5.0,"[0, 11.0, 0]",0.0,1.0,1.0,1.0,12.0,0.0,0,0.0,0.0,|,1.0,[0],10.0,19.0,8.0,"[0, 9.0, 10.0, 0, 0]",0.0,1.0,1.0,1.0,22.0,0.0,0,0.0,0.0
46,|,1,[0],0.0,0.0,0.0,0.0,8.0,8.0,"[0, 0.0, 0]","[0, 0.0, 0]",0.0,0.0,8.0,0.0,0.10483870967741936,-17.0,0.0,0.0,0.0,0.0,|,0.0,[0],1.0,1.0,10.0,"[0, 1.0, 0]",0.0,0.0,0.0,1.0,10.0,0.0,0,0.0,0.0,|,0.0,[0],13.0,23.0,3.0,"[0, 0.0, 10.0, 13.0, 0, 0, 0]",0.0,0.0,0.0,1.0,14.0,0.0,0,0.0,0.0,|,13.0,[0],2.0,2.0,3.0,3.0,10.0,10.0,"[0, 1.0, 2.0, 0, 0]","[0, 1.0, 2.0, 0, 0]",0.0,0.0,13.0,13.0,1.0,10.0,0.0,0,0.0,0.0,|,1.0,[0],5.0,28.0,10.0,"[0, 8.0, 9.0, 6.0, 5.0, 0, 0, 0, 0]",0.0,1.0,1.0,1.0,21.0,0.0,0,0.0,0.0,|,2.0,[0],9.0,9.0,11.0,"[0, 9.0, 0]",0.0,2.0,2.0,1.0,21.0,0.0,0,0.0,0.0,|,2.0,[0],2.0,12.0,9.0,"[0, 10.0, 2.0, 0, 0]",0.0,2.0,2.0,1.0,29.0,0.0,0,0.0,0.0
47,|,8,[0],10.0,10.0,10.0,10.0,0.0,0.0,"[0, 10.0, 0]","[0, 10.0, 0]",0.0,0.0,0.0,0.0,0.1015625,-25.0,0.0,0.0,0.0,0.0,|,10.0,[0],13.0,13.0,1.0,"[0, 13.0, 0]",0.0,10.0,10.0,1.0,1.0,0.0,0,0.0,0.0,|,10.0,[0],10.0,33.0,0.0,"[0, 10.0, 13.0, 10.0, 0, 0, 0]",0.0,10.0,10.0,1.0,4.0,0.0,0,0.0,0.0,|,10.0,[0],4.0,4.0,6.0,6.0,1.0,1.0,"[0, 2.0, 4.0, 0, 0]","[0, 2.0, 4.0, 0, 0]",0.0,0.0,10.0,10.0,1.0,1.0,0.0,0,0.0,0.0,|,13.0,[0],2.0,22.0,8.0,"[0, 9.0, 6.0, 5.0, 2.0, 0, 0, 0, 0]",0.0,13.0,13.0,1.0,16.0,0.0,0,0.0,0.0,|,4.0,[0],1.0,1.0,9.0,"[0, 1.0, 0]",0.0,4.0,4.0,1.0,26.0,0.0,0,0.0,0.0,|,4.0,[0],1.0,3.0,10.0,"[0, 2.0, 1.0, 0, 0]",0.0,4.0,4.0,1.0,35.0,0.0,0,0.0,0.0
48,|,1,[0],1.0,1.0,1.0,1.0,10.0,10.0,"[0, 1.0, 0]","[0, 1.0, 0]",0.0,0.0,10.0,0.0,0.10116731517509728,-16.0,0.0,0.0,0.0,0.0,|,1.0,[0],3.0,3.0,13.0,"[0, 3.0, 0]",0.0,1.0,1.0,1.0,13.0,0.0,0,0.0,0.0,|,1.0,[0],1.0,24.0,10.0,"[0, 13.0, 10.0, 1.0, 0, 0, 0]",0.0,1.0,1.0,1.0,13.0,0.0,0,0.0,0.0,|,1.0,[0],7.0,7.0,11.0,11.0,2.0,2.0,"[0, 4.0, 7.0, 0, 0]","[0, 4.0, 7.0, 0, 0]",0.0,0.0,1.0,1.0,1.0,2.0,0.0,0,0.0,0.0,|,3.0,[0],8.0,21.0,9.0,"[0, 6.0, 5.0, 2.0, 8.0, 0, 0, 0, 0]",0.0,3.0,3.0,1.0,22.0,0.0,0,0.0,0.0,|,7.0,[0],9.0,9.0,1.0,"[0, 9.0, 0]",0.0,7.0,7.0,1.0,20.0,0.0,0,0.0,0.0,|,7.0,[0],8.0,9.0,2.0,"[0, 1.0, 8.0, 0, 0]",0.0,7.0,7.0,1.0,30.0,0.0,0,0.0,0.0
49,|,8,[0],13.0,13.0,13.0,13.0,1.0,1.0,"[0, 13.0, 0]","[0, 13.0, 0]",0.0,0.0,1.0,0.0,0.09811320754716982,-23.0,0.0,0.0,0.0,0.0,|,13.0,[0],7.0,7.0,3.0,"[0, 7.0, 0]",0.0,13.0,13.0,1.0,3.0,0.0,0,0.0,0.0,|,13.0,[0],2.0,13.0,13.0,"[0, 10.0, 1.0, 2.0, 0, 0, 0]",0.0,13.0,13.0,1.0,13.0,0.0,0,0.0,0.0,|,2.0,[0],4.0,4.0,11.0,11.0,4.0,4.0,"[0, 7.0, 4.0, 0, 0]","[0, 7.0, 4.0, 0, 0]",0.0,0.0,2.0,2.0,1.0,4.0,0.0,0,0.0,0.0,|,7.0,[0],1.0,16.0,6.0,"[0, 5.0, 2.0, 8.0, 1.0, 0, 0, 0, 0]",0.0,7.0,7.0,1.0,21.0,0.0,0,0.0,0.0,|,4.0,[0],1.0,1.0,9.0,"[0, 1.0, 0]",0.0,4.0,4.0,1.0,25.0,0.0,0,0.0,0.0,|,4.0,[0],1.0,9.0,1.0,"[0, 8.0, 1.0, 0, 0]",0.0,4.0,4.0,1.0,27.0,0.0,0,0.0,0.0
50,|,0,[0],3.0,3.0,3.0,3.0,13.0,13.0,"[0, 3.0, 0]","[0, 3.0, 0]",0.0,0.0,13.0,0.0,0.09811320754716982,-10.0,0.0,0.0,0.0,0.0,|,3.0,[0],4.0,4.0,7.0,"[0, 4.0, 0]",0.0,3.0,3.0,1.0,7.0,0.0,0,0.0,0.0,|,3.0,[0],4.0,7.0,10.0,"[0, 1.0, 2.0, 4.0, 0, 0, 0]",0.0,3.0,3.0,1.0,20.0,0.0,0,0.0,0.0,|,4.0,[0],9.0,9.0,13.0,13.0,7.0,7.0,"[0, 4.0, 9.0, 0, 0]","[0, 4.0, 9.0, 0, 0]",0.0,0.0,4.0,4.0,1.0,7.0,0.0,0,0.0,0.0,|,4.0,[0],8.0,19.0,5.0,"[0, 2.0, 8.0, 1.0, 8.0, 0, 0, 0, 0]",0.0,4.0,4.0,1.0,22.0,0.0,0,0.0,0.0,|,9.0,[0],2.0,2.0,1.0,"[0, 2.0, 0]",0.0,9.0,9.0,1.0,17.0,0.0,0,0.0,0.0,|,9.0,[0],8.0,9.0,8.0,"[0, 1.0, 8.0, 0, 0]",0.0,9.0,9.0,1.0,26.0,0.0,0,0.0,0.0
51,|,4,[0],7.0,7.0,7.0,7.0,3.0,3.0,"[0, 7.0, 0]","[0, 7.0, 0]",0.0,0.0,3.0,0.0,0.09665427509293681,-11.0,0.0,0.0,0.0,0.0,|,7.0,[0],11.0,11.0,4.0,"[0, 11.0, 0]",0.0,7.0,7.0,1.0,4.0,0.0,0,0.0,0.0,|,7.0,[0],7.0,13.0,1.0,"[0, 2.0, 4.0, 7.0, 0, 0, 0]",0.0,7.0,7.0,1.0,14.0,0.0,0,0.0,0.0,|,7.0,[0],3.0,3.0,12.0,12.0,4.0,4.0,"[0, 9.0, 3.0, 0, 0]","[0, 9.0, 3.0, 0, 0]",0.0,0.0,7.0,7.0,1.0,4.0,0.0,0,0.0,0.0,|,11.0,[0],0.0,17.0,2.0,"[0, 8.0, 1.0, 8.0, 0.0, 0, 0, 0, 0]",0.0,11.0,11.0,1.0,13.0,0.0,0,0.0,0.0,|,3.0,[0],6.0,6.0,2.0,"[0, 6.0, 0]",0.0,3.0,3.0,1.0,16.0,0.0,0,0.0,0.0,|,3.0,[0],0.0,8.0,1.0,"[0, 8.0, 0.0, 0, 0]",0.0,3.0,3.0,1.0,24.0,0.0,0,0.0,0.0
52,|,5,[0],4.0,4.0,4.0,4.0,7.0,7.0,"[0, 4.0, 0]","[0, 4.0, 0]",0.0,0.0,7.0,0.0,0.0948905109489051,-9.0,0.0,0.0,0.0,0.0,|,4.0,[0],3.0,3.0,11.0,"[0, 3.0, 0]",0.0,4.0,4.0,1.0,11.0,0.0,0,0.0,0.0,|,4.0,[0],4.0,15.0,2.0,"[0, 4.0, 7.0, 4.0, 0, 0, 0]",0.0,4.0,4.0,1.0,12.0,0.0,0,0.0,0.0,|,4.0,[0],0.0,0.0,3.0,3.0,9.0,9.0,"[0, 3.0, 0.0, 0, 0]","[0, 3.0, 0.0, 0, 0]",0.0,0.0,4.0,4.0,1.0,9.0,0.0,0,0.0,0.0,|,3.0,[0],4.0,13.0,8.0,"[0, 1.0, 8.0, 0.0, 4.0, 0, 0, 0, 0]",0.0,3.0,3.0,1.0,18.0,0.0,0,0.0,0.0,|,0.0,[0],2.0,2.0,6.0,"[0, 2.0, 0]",0.0,0.0,0.0,1.0,22.0,0.0,0,0.0,0.0,|,0.0,[0],4.0,4.0,8.0,"[0, 0.0, 4.0, 0, 0]",0.0,0.0,0.0,1.0,32.0,0.0,0,0.0,0.0
53,|,10,[0],11.0,11.0,11.0,11.0,4.0,4.0,"[0, 11.0, 0]","[0, 11.0, 0]",0.0,0.0,4.0,0.0,0.09154929577464789,-15.0,0.0,0.0,0.0,0.0,|,11.0,[0],5.0,5.0,3.0,"[0, 5.0, 0]",0.0,11.0,11.0,1.0,3.0,0.0,0,0.0,0.0,|,11.0,[0],9.0,20.0,4.0,"[0, 7.0, 4.0, 9.0, 0, 0, 0]",0.0,11.0,11.0,1.0,5.0,0.0,0,0.0,0.0,|,9.0,[0],10.0,10.0,10.0,10.0,3.0,3.0,"[0, 0.0, 10.0, 0, 0]","[0, 0.0, 10.0, 0, 0]",0.0,0.0,9.0,9.0,1.0,3.0,0.0,0,0.0,0.0,|,5.0,[0],5.0,17.0,1.0,"[0, 8.0, 0.0, 4.0, 5.0, 0, 0, 0, 0]",0.0,5.0,5.0,1.0,14.0,0.0,0,0.0,0.0,|,10.0,[0],7.0,7.0,2.0,"[0, 7.0, 0]",0.0,10.0,10.0,1.0,14.0,0.0,0,0.0,0.0,|,10.0,[0],5.0,9.0,0.0,"[0, 4.0, 5.0, 0, 0]",0.0,10.0,10.0,1.0,22.0,0.0,0,0.0,0.0
54,|,4,[0],3.0,3.0,3.0,3.0,11.0,11.0,"[0, 3.0, 0]","[0, 3.0, 0]",0.0,0.0,11.0,0.0,0.09027777777777778,-8.0,0.0,0.0,0.0,0.0,|,3.0,[0],1.0,1.0,5.0,"[0, 1.0, 0]",0.0,3.0,3.0,1.0,5.0,0.0,0,0.0,0.0,|,3.0,[0],3.0,16.0,7.0,"[0, 4.0, 9.0, 3.0, 0, 0, 0]",0.0,3.0,3.0,1.0,9.0,0.0,0,0.0,0.0,|,3.0,[0],3.0,3.0,13.0,13.0,0.0,0.0,"[0, 10.0, 3.0, 0, 0]","[0, 10.0, 3.0, 0, 0]",0.0,0.0,3.0,3.0,1.0,0.0,0.0,0,0.0,0.0,|,1.0,[0],10.0,19.0,8.0,"[0, 0.0, 4.0, 5.0, 10.0, 0, 0, 0, 0]",0.0,1.0,1.0,1.0,21.0,0.0,0,0.0,0.0,|,3.0,[0],6.0,6.0,7.0,"[0, 6.0, 0]",0.0,3.0,3.0,1.0,18.0,0.0,0,0.0,0.0,|,3.0,[0],10.0,15.0,4.0,"[0, 5.0, 10.0, 0, 0]",0.0,3.0,3.0,1.0,23.0,0.0,0,0.0,0.0
55,|,4,[0],5.0,5.0,5.0,5.0,3.0,3.0,"[0, 5.0, 0]","[0, 5.0, 0]",0.0,0.0,3.0,0.0,0.08904109589041095,-9.0,0.0,0.0,0.0,0.0,|,5.0,[0],12.0,12.0,1.0,"[0, 12.0, 0]",0.0,5.0,5.0,1.0,1.0,0.0,0,0.0,0.0,|,5.0,[0],0.0,12.0,4.0,"[0, 9.0, 3.0, 0.0, 0, 0, 0]",0.0,5.0,5.0,1.0,8.0,0.0,0,0.0,0.0,|,0.0,[0],12.0,12.0,15.0,15.0,10.0,10.0,"[0, 3.0, 12.0, 0, 0]","[0, 3.0, 12.0, 0, 0]",0.0,0.0,0.0,0.0,1.0,10.0,0.0,0,0.0,0.0,|,12.0,[0],4.0,23.0,0.0,"[0, 4.0, 5.0, 10.0, 4.0, 0, 0, 0, 0]",0.0,12.0,12.0,1.0,9.0,0.0,0,0.0,0.0,|,12.0,[0],8.0,8.0,6.0,"[0, 8.0, 0]",0.0,12.0,12.0,1.0,12.0,0.0,0,0.0,0.0,|,12.0,[0],4.0,14.0,5.0,"[0, 10.0, 4.0, 0, 0]",0.0,12.0,12.0,1.0,16.0,0.0,0,0.0,0.0
56,|,3,[0],1.0,1.0,1.0,1.0,5.0,5.0,"[0, 1.0, 0]","[0, 1.0, 0]",0.0,0.0,5.0,0.0,0.08813559322033898,-7.0,0.0,0.0,0.0,0.0,|,1.0,[0],0.0,0.0,12.0,"[0, 0.0, 0]",0.0,1.0,1.0,1.0,12.0,0.0,0,0.0,0.0,|,1.0,[0],10.0,13.0,9.0,"[0, 3.0, 0.0, 10.0, 0, 0, 0]",0.0,1.0,1.0,1.0,16.0,0.0,0,0.0,0.0,|,10.0,[0],0.0,0.0,12.0,12.0,3.0,3.0,"[0, 12.0, 0.0, 0, 0]","[0, 12.0, 0.0, 0, 0]",0.0,0.0,10.0,10.0,1.0,3.0,0.0,0,0.0,0.0,|,0.0,[0],4.0,23.0,4.0,"[0, 5.0, 10.0, 4.0, 4.0, 0, 0, 0, 0]",0.0,0.0,0.0,1.0,13.0,0.0,0,0.0,0.0,|,0.0,[0],0.0,0.0,8.0,"[0, 0.0, 0]",0.0,0.0,0.0,1.0,20.0,0.0,0,0.0,0.0,|,0.0,[0],4.0,8.0,10.0,"[0, 4.0, 4.0, 0, 0]",0.0,0.0,0.0,1.0,26.0,0.0,0,0.0,0.0
57,|,3,[0],12.0,12.0,12.0,12.0,1.0,1.0,"[0, 12.0, 0]","[0, 12.0, 0]",0.0,0.0,1.0,0.0,0.087248322147651,-9.0,0.0,0.0,0.0,0.0,|,12.0,[0],4.0,4.0,0.0,"[0, 4.0, 0]",0.0,12.0,12.0,1.0,0.0,0.0,0,0.0,0.0,|,12.0,[0],3.0,13.0,3.0,"[0, 0.0, 10.0, 3.0, 0, 0, 0]",0.0,12.0,12.0,1.0,7.0,0.0,0,0.0,0.0,|,3.0,[0],2.0,2.0,2.0,2.0,12.0,12.0,"[0, 0.0, 2.0, 0, 0]","[0, 0.0, 2.0, 0, 0]",0.0,0.0,3.0,3.0,1.0,12.0,0.0,0,0.0,0.0,|,4.0,[0],3.0,21.0,5.0,"[0, 10.0, 4.0, 4.0, 3.0, 0, 0, 0, 0]",0.0,4.0,4.0,1.0,14.0,0.0,0,0.0,0.0,|,2.0,[0],7.0,7.0,0.0,"[0, 7.0, 0]",0.0,2.0,2.0,1.0,18.0,0.0,0,0.0,0.0,|,2.0,[0],3.0,7.0,4.0,"[0, 4.0, 3.0, 0, 0]",0.0,2.0,2.0,1.0,28.0,0.0,0,0.0,0.0
58,|,3,[0],0.0,0.0,0.0,0.0,12.0,12.0,"[0, 0.0, 0]","[0, 0.0, 0]",0.0,0.0,12.0,3.0,0.09634551495016612,0.0,0.0,0,0.0,0.0,|,0.0,[0],13.0,13.0,4.0,"[0, 13.0, 0]",0.0,0.0,0.0,1.0,4.0,0.0,0,0.0,0.0,|,0.0,[0],12.0,25.0,0.0,"[0, 10.0, 3.0, 12.0, 0, 0, 0]",0.0,0.0,0.0,1.0,7.0,0.0,0,0.0,0.0,|,12.0,[0],0.0,0.0,2.0,2.0,0.0,0.0,"[0, 2.0, 0.0, 0, 0]","[0, 2.0, 0.0, 0, 0]",0.0,0.0,12.0,12.0,1.0,0.0,0.0,0,0.0,0.0,|,13.0,[0],3.0,14.0,10.0,"[0, 4.0, 4.0, 3.0, 3.0, 0, 0, 0, 0]",0.0,13.0,13.0,1.0,11.0,0.0,0,0.0,0.0,|,0.0,[0],3.0,3.0,7.0,"[0, 3.0, 0]",0.0,0.0,0.0,1.0,25.0,0.0,0,0.0,0.0,|,0.0,[0],3.0,6.0,4.0,"[0, 3.0, 3.0, 0, 0]",0.0,0.0,0.0,1.0,32.0,0.0,0,0.0,0.0
59,|,7,[0],4.0,4.0,4.0,4.0,0.0,0.0,"[0, 4.0, 0]","[0, 4.0, 0]",0.0,0.0,0.0,0.0,0.09415584415584416,-7.0,0.0,0.0,0.0,0.0,|,4.0,[0],0.0,0.0,13.0,"[0, 0.0, 0]",0.0,4.0,4.0,1.0,13.0,0.0,0,0.0,0.0,|,4.0,[0],0.0,15.0,10.0,"[0, 3.0, 12.0, 0.0, 0, 0, 0]",0.0,4.0,4.0,1.0,13.0,0.0,0,0.0,0.0,|,0.0,[0],7.0,7.0,7.0,7.0,2.0,2.0,"[0, 0.0, 7.0, 0, 0]","[0, 0.0, 7.0, 0, 0]",0.0,0.0,0.0,0.0,1.0,2.0,0.0,0,0.0,0.0,|,0.0,[0],3.0,13.0,4.0,"[0, 4.0, 3.0, 3.0, 3.0, 0, 0, 0, 0]",0.0,0.0,0.0,1.0,15.0,0.0,0,0.0,0.0,|,7.0,[0],3.0,3.0,3.0,"[0, 3.0, 0]",0.0,7.0,7.0,1.0,21.0,0.0,0,0.0,0.0,|,7.0,[0],3.0,6.0,3.0,"[0, 3.0, 3.0, 0, 0]",0.0,7.0,7.0,1.0,28.0,0.0,0,0.0,0.0
60,|,8,[0],9.0,9.0,9.0,9.0,4.0,4.0,"[0, 9.0, 0]","[0, 9.0, 0]",0.0,0.0,4.0,0.0,0.09177215189873418,-11.0,0.0,0.0,0.0,0.0,|,9.0,[0],10.0,10.0,0.0,"[0, 10.0, 0]",0.0,9.0,9.0,1.0,4.0,0.0,0,0.0,0.0,|,9.0,[0],2.0,14.0,3.0,"[0, 12.0, 0.0, 2.0, 0, 0, 0]",0.0,9.0,9.0,1.0,7.0,0.0,0,0.0,0.0,|,2.0,[0],7.0,7.0,14.0,14.0,0.0,0.0,"[0, 7.0, 7.0, 0, 0]","[0, 7.0, 7.0, 0, 0]",0.0,0.0,2.0,2.0,1.0,0.0,0.0,0,0.0,0.0,|,10.0,[0],7.0,16.0,4.0,"[0, 3.0, 3.0, 3.0, 7.0, 0, 0, 0, 0]",0.0,10.0,10.0,1.0,9.0,0.0,0,0.0,0.0,|,7.0,[0],7.0,7.0,3.0,"[0, 7.0, 0]",0.0,7.0,7.0,1.0,17.0,0.0,0,0.0,0.0,|,7.0,[0],7.0,10.0,3.0,"[0, 3.0, 7.0, 0, 0]",0.0,7.0,7.0,1.0,24.0,0.0,0,0.0,0.0
61,|,5,[0],4.0,4.0,4.0,4.0,9.0,9.0,"[0, 4.0, 0]","[0, 4.0, 0]",0.0,0.0,9.0,0.0,0.09034267912772585,-7.0,0.0,0.0,0.0,0.0,|,4.0,[0],0.0,0.0,10.0,"[0, 0.0, 0]",0.0,4.0,4.0,1.0,10.0,0.0,0,0.0,0.0,|,4.0,[0],0.0,2.0,12.0,"[0, 0.0, 2.0, 0.0, 0, 0, 0]",0.0,4.0,4.0,1.0,15.0,0.0,0,0.0,0.0,|,0.0,[0],9.0,9.0,16.0,16.0,7.0,7.0,"[0, 7.0, 9.0, 0, 0]","[0, 7.0, 9.0, 0, 0]",0.0,0.0,0.0,0.0,1.0,7.0,0.0,0,0.0,0.0,|,0.0,[0],8.0,21.0,3.0,"[0, 3.0, 3.0, 7.0, 8.0, 0, 0, 0, 0]",0.0,0.0,0.0,1.0,12.0,0.0,0,0.0,0.0,|,9.0,[0],7.0,7.0,7.0,"[0, 7.0, 0]",0.0,9.0,9.0,1.0,15.0,0.0,0,0.0,0.0,|,9.0,[0],8.0,15.0,3.0,"[0, 7.0, 8.0, 0, 0]",0.0,9.0,9.0,1.0,18.0,0.0,0,0.0,0.0
62,|,1,[0],9.0,9.0,9.0,9.0,4.0,4.0,"[0, 9.0, 0]","[0, 9.0, 0]",0.0,0.0,4.0,0.0,0.09006211180124224,-4.0,0.0,0.0,0.0,0.0,|,9.0,[0],7.0,7.0,0.0,"[0, 7.0, 0]",0.0,9.0,9.0,1.0,1.0,0.0,0,0.0,0.0,|,9.0,[0],7.0,9.0,0.0,"[0, 2.0, 0.0, 7.0, 0, 0, 0]",0.0,9.0,9.0,1.0,6.0,0.0,0,0.0,0.0,|,7.0,[0],5.0,5.0,14.0,14.0,7.0,7.0,"[0, 9.0, 5.0, 0, 0]","[0, 9.0, 5.0, 0, 0]",0.0,0.0,7.0,7.0,1.0,7.0,0.0,0,0.0,0.0,|,7.0,[0],5.0,23.0,3.0,"[0, 3.0, 7.0, 8.0, 5.0, 0, 0, 0, 0]",0.0,7.0,7.0,1.0,8.0,0.0,0,0.0,0.0,|,5.0,[0],4.0,4.0,7.0,"[0, 4.0, 0]",0.0,5.0,5.0,1.0,17.0,0.0,0,0.0,0.0,|,5.0,[0],5.0,13.0,7.0,"[0, 8.0, 5.0, 0, 0]",0.0,5.0,5.0,1.0,20.0,0.0,0,0.0,0.0
63,|,9,[0],1.0,1.0,1.0,1.0,9.0,9.0,"[0, 1.0, 0]","[0, 1.0, 0]",0.0,0.0,9.0,5.0,0.1027190332326284,-4.0,0.0,0.0,0.0,0.0,|,1.0,[0],0.0,0.0,7.0,"[0, 0.0, 0]",0.0,1.0,1.0,1.0,7.0,0.0,0,0.0,0.0,|,1.0,[0],7.0,14.0,2.0,"[0, 0.0, 7.0, 7.0, 0, 0, 0]",0.0,1.0,1.0,1.0,7.0,0.0,0,0.0,0.0,|,7.0,[0],1.0,1.0,6.0,6.0,9.0,9.0,"[0, 5.0, 1.0, 0, 0]","[0, 5.0, 1.0, 0, 0]",0.0,0.0,7.0,7.0,1.0,9.0,0.0,0,0.0,0.0,|,0.0,[0],1.0,21.0,3.0,"[0, 7.0, 8.0, 5.0, 1.0, 0, 0, 0, 0]",0.0,0.0,0.0,1.0,11.0,0.0,0,0.0,0.0,|,1.0,[0],3.0,3.0,4.0,"[0, 3.0, 0]",0.0,1.0,1.0,1.0,20.0,0.0,0,0.0,0.0,|,1.0,[0],1.0,6.0,8.0,"[0, 5.0, 1.0, 0, 0]",0.0,1.0,1.0,1.0,27.0,0.0,0,0.0,0.0
64,|,4,[0],7.0,7.0,7.0,7.0,1.0,1.0,"[0, 7.0, 0]","[0, 7.0, 0]",0.0,0.0,1.0,0.0,0.10149253731343283,-7.0,0.0,0.0,0.0,0.0,|,7.0,[0],7.0,7.0,0.0,"[0, 7.0, 0]",0.0,7.0,7.0,1.0,0.0,0.0,0,0.0,0.0,|,7.0,[0],9.0,23.0,0.0,"[0, 7.0, 7.0, 9.0, 0, 0, 0]",0.0,7.0,7.0,1.0,0.0,0.0,0,0.0,0.0,|,9.0,[0],5.0,5.0,6.0,6.0,5.0,5.0,"[0, 1.0, 5.0, 0, 0]","[0, 1.0, 5.0, 0, 0]",0.0,0.0,9.0,9.0,1.0,5.0,0.0,0,0.0,0.0,|,7.0,[0],9.0,23.0,7.0,"[0, 8.0, 5.0, 1.0, 9.0, 0, 0, 0, 0]",0.0,7.0,7.0,1.0,11.0,0.0,0,0.0,0.0,|,5.0,[0],5.0,5.0,3.0,"[0, 5.0, 0]",0.0,5.0,5.0,1.0,18.0,0.0,0,0.0,0.0,|,5.0,[0],9.0,10.0,5.0,"[0, 1.0, 9.0, 0, 0]",0.0,5.0,5.0,1.0,27.0,0.0,0,0.0,0.0
65,|,9,[0],0.0,0.0,0.0,0.0,7.0,7.0,"[0, 0.0, 0]","[0, 0.0, 0]",0.0,0.0,7.0,0.0,0.09883720930232558,-9.0,0.0,0.0,0.0,0.0,|,0.0,[0],0.0,0.0,7.0,"[0, 0.0, 0]",0.0,0.0,0.0,1.0,7.0,0.0,0,0.0,0.0,|,0.0,[0],5.0,21.0,7.0,"[0, 7.0, 9.0, 5.0, 0, 0, 0]",0.0,0.0,0.0,1.0,7.0,0.0,0,0.0,0.0,|,5.0,[0],3.0,3.0,8.0,8.0,1.0,1.0,"[0, 5.0, 3.0, 0, 0]","[0, 5.0, 3.0, 0, 0]",0.0,0.0,5.0,5.0,1.0,1.0,0.0,0,0.0,0.0,|,0.0,[0],4.0,19.0,8.0,"[0, 5.0, 1.0, 9.0, 4.0, 0, 0, 0, 0]",0.0,0.0,0.0,1.0,19.0,0.0,0,0.0,0.0,|,3.0,[0],8.0,8.0,5.0,"[0, 8.0, 0]",0.0,3.0,3.0,1.0,20.0,0.0,0,0.0,0.0,|,3.0,[0],4.0,13.0,1.0,"[0, 9.0, 4.0, 0, 0]",0.0,3.0,3.0,1.0,25.0,0.0,0,0.0,0.0
66,|,7,[0],7.0,7.0,7.0,7.0,0.0,0.0,"[0, 7.0, 0]","[0, 7.0, 0]",0.0,0.0,0.0,0.0,0.09686609686609686,-16.0,0.0,0.0,0.0,0.0,|,7.0,[0],9.0,9.0,0.0,"[0, 9.0, 0]",0.0,7.0,7.0,1.0,0.0,0.0,0,0.0,0.0,|,7.0,[0],1.0,15.0,7.0,"[0, 9.0, 5.0, 1.0, 0, 0, 0]",0.0,7.0,7.0,1.0,7.0,0.0,0,0.0,0.0,|,1.0,[0],12.0,12.0,15.0,15.0,5.0,5.0,"[0, 3.0, 12.0, 0, 0]","[0, 3.0, 12.0, 0, 0]",0.0,0.0,1.0,1.0,1.0,5.0,0.0,0,0.0,0.0,|,9.0,[0],9.0,23.0,5.0,"[0, 1.0, 9.0, 4.0, 9.0, 0, 0, 0, 0]",0.0,9.0,9.0,1.0,15.0,0.0,0,0.0,0.0,|,12.0,[0],1.0,1.0,8.0,"[0, 1.0, 0]",0.0,12.0,12.0,1.0,16.0,0.0,0,0.0,0.0,|,12.0,[0],9.0,13.0,9.0,"[0, 4.0, 9.0, 0, 0]",0.0,12.0,12.0,1.0,22.0,0.0,0,0.0,0.0
67,|,3,[0],0.0,0.0,0.0,0.0,7.0,7.0,"[0, 0.0, 0]","[0, 0.0, 0]",0.0,0.0,7.0,0.0,0.096045197740113,-12.0,0.0,0.0,0.0,0.0,|,0.0,[0],3.0,3.0,9.0,"[0, 3.0, 0]",0.0,0.0,0.0,1.0,9.0,0.0,0,0.0,0.0,|,0.0,[0],5.0,11.0,9.0,"[0, 5.0, 1.0, 5.0, 0, 0, 0]",0.0,0.0,0.0,1.0,16.0,0.0,0,0.0,0.0,|,5.0,[0],11.0,11.0,23.0,23.0,3.0,3.0,"[0, 12.0, 11.0, 0, 0]","[0, 12.0, 11.0, 0, 0]",0.0,0.0,5.0,5.0,1.0,3.0,0.0,0,0.0,0.0,|,3.0,[0],7.0,29.0,1.0,"[0, 9.0, 4.0, 9.0, 7.0, 0, 0, 0, 0]",0.0,3.0,3.0,1.0,13.0,0.0,0,0.0,0.0,|,11.0,[0],14.0,14.0,1.0,"[0, 14.0, 0]",0.0,11.0,11.0,1.0,6.0,0.0,0,0.0,0.0,|,11.0,[0],7.0,16.0,4.0,"[0, 9.0, 7.0, 0, 0]",0.0,11.0,11.0,1.0,15.0,0.0,0,0.0,0.0
68,|,10,[0],9.0,9.0,9.0,9.0,0.0,0.0,"[0, 9.0, 0]","[0, 9.0, 0]",0.0,0.0,0.0,0.0,0.09340659340659341,-22.0,0.0,0.0,0.0,0.0,|,9.0,[0],5.0,5.0,3.0,"[0, 5.0, 0]",0.0,9.0,9.0,1.0,3.0,0.0,0,0.0,0.0,|,9.0,[0],3.0,9.0,5.0,"[0, 1.0, 5.0, 3.0, 0, 0, 0]",0.0,9.0,9.0,1.0,12.0,0.0,0,0.0,0.0,|,3.0,[0],0.0,0.0,11.0,11.0,12.0,12.0,"[0, 11.0, 0.0, 0, 0]","[0, 11.0, 0.0, 0, 0]",0.0,0.0,3.0,3.0,1.0,12.0,0.0,0,0.0,0.0,|,5.0,[0],3.0,23.0,9.0,"[0, 4.0, 9.0, 7.0, 3.0, 0, 0, 0, 0]",0.0,5.0,5.0,1.0,17.0,0.0,0,0.0,0.0,|,0.0,[0],2.0,2.0,14.0,"[0, 2.0, 0]",0.0,0.0,0.0,1.0,20.0,0.0,0,0.0,0.0,|,0.0,[0],3.0,10.0,9.0,"[0, 7.0, 3.0, 0, 0]",0.0,0.0,0.0,1.0,24.0,0.0,0,0.0,0.0
69,|,3,[0],3.0,3.0,3.0,3.0,9.0,9.0,"[0, 3.0, 0]","[0, 3.0, 0]",0.0,0.0,9.0,0.0,0.09264305177111716,-16.0,0.0,0.0,0.0,0.0,|,3.0,[0],9.0,9.0,5.0,"[0, 9.0, 0]",0.0,3.0,3.0,1.0,5.0,0.0,0,0.0,0.0,|,3.0,[0],12.0,20.0,1.0,"[0, 5.0, 3.0, 12.0, 0, 0, 0]",0.0,3.0,3.0,1.0,10.0,0.0,0,0.0,0.0,|,12.0,[0],10.0,10.0,10.0,10.0,11.0,11.0,"[0, 0.0, 10.0, 0, 0]","[0, 0.0, 10.0, 0, 0]",0.0,0.0,12.0,12.0,1.0,11.0,0.0,0,0.0,0.0,|,9.0,[0],10.0,29.0,4.0,"[0, 9.0, 7.0, 3.0, 10.0, 0, 0, 0, 0]",0.0,9.0,9.0,1.0,12.0,0.0,0,0.0,0.0,|,10.0,[0],5.0,5.0,2.0,"[0, 5.0, 0]",0.0,10.0,10.0,1.0,12.0,0.0,0,0.0,0.0,|,10.0,[0],10.0,13.0,7.0,"[0, 3.0, 10.0, 0, 0]",0.0,10.0,10.0,1.0,21.0,0.0,0,0.0,0.0
70,|,1,[0],5.0,5.0,5.0,5.0,3.0,3.0,"[0, 5.0, 0]","[0, 5.0, 0]",0.0,0.0,3.0,0.0,0.09239130434782608,-14.0,0.0,0.0,0.0,0.0,|,5.0,[0],0.0,0.0,9.0,"[0, 0.0, 0]",0.0,5.0,5.0,1.0,9.0,0.0,0,0.0,0.0,|,5.0,[0],11.0,26.0,5.0,"[0, 3.0, 12.0, 11.0, 0, 0, 0]",0.0,5.0,5.0,1.0,10.0,0.0,0,0.0,0.0,|,11.0,[0],0.0,0.0,10.0,10.0,0.0,0.0,"[0, 10.0, 0.0, 0, 0]","[0, 10.0, 0.0, 0, 0]",0.0,0.0,11.0,11.0,1.0,0.0,0.0,0,0.0,0.0,|,0.0,[0],3.0,23.0,9.0,"[0, 7.0, 3.0, 10.0, 3.0, 0, 0, 0, 0]",0.0,0.0,0.0,1.0,21.0,0.0,0,0.0,0.0,|,0.0,[0],10.0,10.0,5.0,"[0, 10.0, 0]",0.0,0.0,0.0,1.0,17.0,0.0,0,0.0,0.0,|,0.0,[0],3.0,13.0,3.0,"[0, 10.0, 3.0, 0, 0]",0.0,0.0,0.0,1.0,24.0,0.0,0,0.0,0.0
71,|,6,[0],9.0,9.0,9.0,9.0,5.0,5.0,"[0, 9.0, 0]","[0, 9.0, 0]",0.0,0.0,5.0,0.0,0.09090909090909091,-15.0,0.0,0.0,0.0,0.0,|,9.0,[0],13.0,13.0,0.0,"[0, 13.0, 0]",0.0,9.0,9.0,1.0,0.0,0.0,0,0.0,0.0,|,9.0,[0],0.0,23.0,3.0,"[0, 12.0, 11.0, 0.0, 0, 0, 0]",0.0,9.0,9.0,1.0,4.0,0.0,0,0.0,0.0,|,0.0,[0],1.0,1.0,1.0,1.0,10.0,10.0,"[0, 0.0, 1.0, 0, 0]","[0, 0.0, 1.0, 0, 0]",0.0,0.0,0.0,0.0,1.0,10.0,0.0,0,0.0,0.0,|,13.0,[0],1.0,17.0,7.0,"[0, 3.0, 10.0, 3.0, 1.0, 0, 0, 0, 0]",0.0,13.0,13.0,1.0,15.0,0.0,0,0.0,0.0,|,1.0,[0],0.0,0.0,10.0,"[0, 0.0, 0]",0.0,1.0,1.0,1.0,26.0,0.0,0,0.0,0.0,|,1.0,[0],1.0,4.0,10.0,"[0, 3.0, 1.0, 0, 0]",0.0,1.0,1.0,1.0,33.0,0.0,0,0.0,0.0
72,|,1,[0],0.0,0.0,0.0,0.0,9.0,9.0,"[0, 0.0, 0]","[0, 0.0, 0]",0.0,0.0,9.0,0.0,0.09066666666666667,-7.0,0.0,0.0,0.0,0.0,|,0.0,[0],2.0,2.0,13.0,"[0, 2.0, 0]",0.0,0.0,0.0,1.0,13.0,0.0,0,0.0,0.0,|,0.0,[0],10.0,21.0,12.0,"[0, 11.0, 0.0, 10.0, 0, 0, 0]",0.0,0.0,0.0,1.0,16.0,0.0,0,0.0,0.0,|,10.0,[0],10.0,10.0,11.0,11.0,0.0,0.0,"[0, 1.0, 10.0, 0, 0]","[0, 1.0, 10.0, 0, 0]",0.0,0.0,10.0,10.0,1.0,0.0,0.0,0,0.0,0.0,|,2.0,[0],6.0,20.0,3.0,"[0, 10.0, 3.0, 1.0, 6.0, 0, 0, 0, 0]",0.0,2.0,2.0,1.0,16.0,0.0,0,0.0,0.0,|,10.0,[0],7.0,7.0,0.0,"[0, 7.0, 0]",0.0,10.0,10.0,1.0,16.0,0.0,0,0.0,0.0,|,10.0,[0],6.0,7.0,3.0,"[0, 1.0, 6.0, 0, 0]",0.0,10.0,10.0,1.0,26.0,0.0,0,0.0,0.0
73,|,3,[0],13.0,13.0,13.0,13.0,0.0,0.0,"[0, 13.0, 0]","[0, 13.0, 0]",0.0,0.0,0.0,0.0,0.08994708994708994,-10.0,0.0,0.0,0.0,0.0,|,13.0,[0],1.0,1.0,2.0,"[0, 1.0, 0]",0.0,13.0,13.0,1.0,2.0,0.0,0,0.0,0.0,|,13.0,[0],0.0,10.0,11.0,"[0, 0.0, 10.0, 0.0, 0, 0, 0]",0.0,13.0,13.0,1.0,14.0,0.0,0,0.0,0.0,|,0.0,[0],0.0,0.0,10.0,10.0,1.0,1.0,"[0, 10.0, 0.0, 0, 0]","[0, 10.0, 0.0, 0, 0]",0.0,0.0,0.0,0.0,1.0,1.0,0.0,0,0.0,0.0,|,1.0,[0],1.0,11.0,10.0,"[0, 3.0, 1.0, 6.0, 1.0, 0, 0, 0, 0]",0.0,1.0,1.0,1.0,25.0,0.0,0,0.0,0.0,|,0.0,[0],1.0,1.0,7.0,"[0, 1.0, 0]",0.0,0.0,0.0,1.0,23.0,0.0,0,0.0,0.0,|,0.0,[0],1.0,7.0,1.0,"[0, 6.0, 1.0, 0, 0]",0.0,0.0,0.0,1.0,27.0,0.0,0,0.0,0.0
74,|,8,[0],2.0,2.0,2.0,2.0,13.0,13.0,"[0, 2.0, 0]","[0, 2.0, 0]",0.0,0.0,13.0,3.0,0.09585492227979274,-5.0,0.0,0.0,0.0,0.0,|,2.0,[0],14.0,14.0,1.0,"[0, 14.0, 0]",0.0,2.0,2.0,1.0,1.0,0.0,0,0.0,0.0,|,2.0,[0],1.0,11.0,0.0,"[0, 10.0, 0.0, 1.0, 0, 0, 0]",0.0,2.0,2.0,1.0,12.0,0.0,0,0.0,0.0,|,1.0,[0],4.0,4.0,4.0,4.0,10.0,10.0,"[0, 0.0, 4.0, 0, 0]","[0, 0.0, 4.0, 0, 0]",0.0,0.0,1.0,1.0,1.0,10.0,0.0,0,0.0,0.0,|,14.0,[0],3.0,11.0,3.0,"[0, 1.0, 6.0, 1.0, 3.0, 0, 0, 0, 0]",0.0,14.0,14.0,1.0,14.0,0.0,0,0.0,0.0,|,4.0,[0],3.0,3.0,1.0,"[0, 3.0, 0]",0.0,4.0,4.0,1.0,20.0,0.0,0,0.0,0.0,|,4.0,[0],3.0,4.0,6.0,"[0, 1.0, 3.0, 0, 0]",0.0,4.0,4.0,1.0,29.0,0.0,0,0.0,0.0
75,|,3,[0],1.0,1.0,1.0,1.0,2.0,2.0,"[0, 1.0, 0]","[0, 1.0, 0]",0.0,0.0,2.0,0.0,0.09511568123393316,-6.0,0.0,0.0,0.0,0.0,|,1.0,[0],0.0,0.0,14.0,"[0, 0.0, 0]",0.0,1.0,1.0,1.0,14.0,0.0,0,0.0,0.0,|,1.0,[0],10.0,11.0,10.0,"[0, 0.0, 1.0, 10.0, 0, 0, 0]",0.0,1.0,1.0,1.0,21.0,0.0,0,0.0,0.0,|,10.0,[0],10.0,10.0,14.0,14.0,0.0,0.0,"[0, 4.0, 10.0, 0, 0]","[0, 4.0, 10.0, 0, 0]",0.0,0.0,10.0,10.0,1.0,0.0,0.0,0,0.0,0.0,|,0.0,[0],8.0,18.0,1.0,"[0, 6.0, 1.0, 3.0, 8.0, 0, 0, 0, 0]",0.0,0.0,0.0,1.0,15.0,0.0,0,0.0,0.0,|,10.0,[0],8.0,8.0,3.0,"[0, 8.0, 0]",0.0,10.0,10.0,1.0,13.0,0.0,0,0.0,0.0,|,10.0,[0],8.0,11.0,1.0,"[0, 3.0, 8.0, 0, 0]",0.0,10.0,10.0,1.0,20.0,0.0,0,0.0,0.0
76,|,10,[0],11.0,11.0,11.0,11.0,1.0,1.0,"[0, 11.0, 0]","[0, 11.0, 0]",0.0,0.0,1.0,0.0,0.09273182957393483,-15.0,0.0,0.0,0.0,0.0,|,11.0,[0],8.0,8.0,0.0,"[0, 8.0, 0]",0.0,11.0,11.0,1.0,3.0,0.0,0,0.0,0.0,|,11.0,[0],0.0,11.0,0.0,"[0, 1.0, 10.0, 0.0, 0, 0, 0]",0.0,11.0,11.0,1.0,10.0,0.0,0,0.0,0.0,|,0.0,[0],0.0,0.0,10.0,10.0,4.0,4.0,"[0, 10.0, 0.0, 0, 0]","[0, 10.0, 0.0, 0, 0]",0.0,0.0,0.0,0.0,1.0,4.0,0.0,0,0.0,0.0,|,8.0,[0],3.0,15.0,6.0,"[0, 1.0, 3.0, 8.0, 3.0, 0, 0, 0, 0]",0.0,8.0,8.0,1.0,13.0,0.0,0,0.0,0.0,|,0.0,[0],3.0,3.0,8.0,"[0, 3.0, 0]",0.0,0.0,0.0,1.0,21.0,0.0,0,0.0,0.0,|,0.0,[0],3.0,11.0,3.0,"[0, 8.0, 3.0, 0, 0]",0.0,0.0,0.0,1.0,23.0,0.0,0,0.0,0.0
77,|,2,[0],3.0,3.0,3.0,3.0,11.0,11.0,"[0, 3.0, 0]","[0, 3.0, 0]",0.0,0.0,11.0,0.0,0.09226932668329177,-6.0,0.0,0.0,0.0,0.0,|,3.0,[0],9.0,9.0,8.0,"[0, 9.0, 0]",0.0,3.0,3.0,1.0,8.0,0.0,0,0.0,0.0,|,3.0,[0],4.0,14.0,1.0,"[0, 10.0, 0.0, 4.0, 0, 0, 0]",0.0,3.0,3.0,1.0,8.0,0.0,0,0.0,0.0,|,4.0,[0],13.0,13.0,13.0,13.0,10.0,10.0,"[0, 0.0, 13.0, 0, 0]","[0, 0.0, 13.0, 0, 0]",0.0,0.0,4.0,4.0,1.0,10.0,0.0,0,0.0,0.0,|,9.0,[0],10.0,24.0,1.0,"[0, 3.0, 8.0, 3.0, 10.0, 0, 0, 0, 0]",0.0,9.0,9.0,1.0,5.0,0.0,0,0.0,0.0,|,13.0,[0],2.0,2.0,3.0,"[0, 2.0, 0]",0.0,13.0,13.0,1.0,11.0,0.0,0,0.0,0.0,|,13.0,[0],10.0,13.0,8.0,"[0, 3.0, 10.0, 0, 0]",0.0,13.0,13.0,1.0,18.0,0.0,0,0.0,0.0
78,|,8,[0],8.0,8.0,8.0,8.0,3.0,3.0,"[0, 8.0, 0]","[0, 8.0, 0]",0.0,0.0,3.0,0.0,0.09046454767726161,-11.0,0.0,0.0,0.0,0.0,|,8.0,[0],0.0,0.0,9.0,"[0, 0.0, 0]",0.0,8.0,8.0,1.0,9.0,0.0,0,0.0,0.0,|,8.0,[0],10.0,14.0,10.0,"[0, 0.0, 4.0, 10.0, 0, 0, 0]",0.0,8.0,8.0,1.0,10.0,0.0,0,0.0,0.0,|,10.0,[0],0.0,0.0,13.0,13.0,0.0,0.0,"[0, 13.0, 0.0, 0, 0]","[0, 13.0, 0.0, 0, 0]",0.0,0.0,10.0,10.0,1.0,0.0,0.0,0,0.0,0.0,|,0.0,[0],2.0,23.0,3.0,"[0, 8.0, 3.0, 10.0, 2.0, 0, 0, 0, 0]",0.0,0.0,0.0,1.0,8.0,0.0,0,0.0,0.0,|,0.0,[0],10.0,10.0,2.0,"[0, 10.0, 0]",0.0,0.0,0.0,1.0,13.0,0.0,0,0.0,0.0,|,0.0,[0],2.0,12.0,3.0,"[0, 10.0, 2.0, 0, 0]",0.0,0.0,0.0,1.0,21.0,0.0,0,0.0,0.0
79,|,2,[0],9.0,9.0,9.0,9.0,8.0,8.0,"[0, 9.0, 0]","[0, 9.0, 0]",0.0,0.0,8.0,0.0,0.09002433090024331,-5.0,0.0,0.0,0.0,0.0,|,9.0,[0],5.0,5.0,0.0,"[0, 5.0, 0]",0.0,9.0,9.0,1.0,0.0,0.0,0,0.0,0.0,|,9.0,[0],0.0,14.0,0.0,"[0, 4.0, 10.0, 0.0, 0, 0, 0]",0.0,9.0,9.0,1.0,1.0,0.0,0,0.0,0.0,|,0.0,[0],3.0,3.0,3.0,3.0,13.0,13.0,"[0, 0.0, 3.0, 0, 0]","[0, 0.0, 3.0, 0, 0]",0.0,0.0,0.0,0.0,1.0,13.0,0.0,0,0.0,0.0,|,5.0,[0],8.0,23.0,8.0,"[0, 3.0, 10.0, 2.0, 8.0, 0, 0, 0, 0]",0.0,5.0,5.0,1.0,11.0,0.0,0,0.0,0.0,|,3.0,[0],0.0,0.0,10.0,"[0, 0.0, 0]",0.0,3.0,3.0,1.0,20.0,0.0,0,0.0,0.0,|,3.0,[0],8.0,10.0,10.0,"[0, 2.0, 8.0, 0, 0]",0.0,3.0,3.0,1.0,28.0,0.0,0,0.0,0.0
80,|,1,[0],0.0,0.0,0.0,0.0,9.0,9.0,"[0, 0.0, 0]","[0, 0.0, 0]",0.0,0.0,6.0,1.0,0.09223300970873786,3.0,0.0,0,0.0,0.0,|,0.0,[0],6.0,6.0,5.0,"[0, 6.0, 0]",0.0,0.0,0.0,1.0,5.0,0.0,0,0.0,0.0,|,0.0,[0],13.0,23.0,4.0,"[0, 10.0, 0.0, 13.0, 0, 0, 0]",0.0,0.0,0.0,1.0,5.0,0.0,0,0.0,0.0,|,13.0,[0],7.0,7.0,10.0,10.0,0.0,0.0,"[0, 3.0, 7.0, 0, 0]","[0, 3.0, 7.0, 0, 0]",0.0,0.0,13.0,13.0,1.0,0.0,0.0,0,0.0,0.0,|,6.0,[0],2.0,22.0,3.0,"[0, 10.0, 2.0, 8.0, 2.0, 0, 0, 0, 0]",0.0,6.0,6.0,1.0,8.0,0.0,0,0.0,0.0,|,7.0,[0],10.0,10.0,0.0,"[0, 10.0, 0]",0.0,7.0,7.0,1.0,13.0,0.0,0,0.0,0.0,|,7.0,[0],2.0,10.0,2.0,"[0, 8.0, 2.0, 0, 0]",0.0,7.0,7.0,1.0,23.0,0.0,0,0.0,0.0
81,|,0,[0],3.0,3.0,3.0,3.0,0.0,0.0,"[0, 3.0, 0]","[0, 3.0, 0]",0.0,0.0,0.0,0.0,0.09223300970873786,3.0,0.0,0,0.0,0.0,|,3.0,[0],0.0,0.0,6.0,"[0, 0.0, 0]",0.0,3.0,3.0,1.0,8.0,0.0,0,0.0,0.0,|,3.0,[0],0.0,13.0,10.0,"[0, 0.0, 13.0, 0.0, 0, 0, 0]",0.0,3.0,3.0,1.0,12.0,0.0,0,0.0,0.0,|,0.0,[0],0.0,0.0,7.0,7.0,3.0,3.0,"[0, 7.0, 0.0, 0, 0]","[0, 7.0, 0.0, 0, 0]",0.0,0.0,0.0,0.0,1.0,3.0,0.0,0,0.0,0.0,|,0.0,[0],1.0,13.0,10.0,"[0, 2.0, 8.0, 2.0, 1.0, 0, 0, 0, 0]",0.0,0.0,0.0,1.0,18.0,0.0,0,0.0,0.0,|,0.0,[0],1.0,1.0,10.0,"[0, 1.0, 0]",0.0,0.0,0.0,1.0,23.0,0.0,0,0.0,0.0,|,0.0,[0],1.0,3.0,8.0,"[0, 2.0, 1.0, 0, 0]",0.0,0.0,0.0,1.0,31.0,0.0,0,0.0,0.0
82,|,4,[0],0.0,0.0,0.0,0.0,3.0,3.0,"[0, 0.0, 0]","[0, 0.0, 0]",0.0,0.0,4.0,4.0,0.10096153846153846,2.0,0.0,0,0.0,0.0,|,0.0,[0],6.0,6.0,0.0,"[0, 6.0, 0]",0.0,0.0,0.0,1.0,8.0,0.0,0,0.0,0.0,|,0.0,[0],3.0,16.0,0.0,"[0, 13.0, 0.0, 3.0, 0, 0, 0]",0.0,0.0,0.0,1.0,12.0,0.0,0,0.0,0.0,|,3.0,[0],2.0,2.0,2.0,2.0,7.0,7.0,"[0, 0.0, 2.0, 0, 0]","[0, 0.0, 2.0, 0, 0]",0.0,0.0,3.0,3.0,1.0,7.0,0.0,0,0.0,0.0,|,6.0,[0],0.0,11.0,2.0,"[0, 8.0, 2.0, 1.0, 0.0, 0, 0, 0, 0]",0.0,6.0,6.0,1.0,14.0,0.0,0,0.0,0.0,|,2.0,[0],0.0,0.0,1.0,"[0, 0.0, 0]",0.0,2.0,2.0,1.0,22.0,0.0,0,0.0,0.0,|,2.0,[0],0.0,1.0,2.0,"[0, 1.0, 0.0, 0, 0]",0.0,2.0,2.0,1.0,31.0,0.0,0,0.0,0.0
83,|,8,[0],4.0,4.0,4.0,4.0,0.0,0.0,"[0, 4.0, 0]","[0, 4.0, 0]",0.0,0.0,2.0,2.0,0.10377358490566038,-6.0,0.0,0.0,0.0,0.0,|,4.0,[0],0.0,0.0,6.0,"[0, 0.0, 0]",0.0,4.0,4.0,1.0,10.0,0.0,0,0.0,0.0,|,4.0,[0],5.0,8.0,13.0,"[0, 0.0, 3.0, 5.0, 0, 0, 0]",0.0,4.0,4.0,1.0,21.0,0.0,0,0.0,0.0,|,5.0,[0],0.0,0.0,2.0,2.0,0.0,0.0,"[0, 2.0, 0.0, 0, 0]","[0, 2.0, 0.0, 0, 0]",0.0,0.0,5.0,5.0,1.0,2.0,0.0,0,0.0,0.0,|,0.0,[0],4.0,7.0,8.0,"[0, 2.0, 1.0, 0.0, 4.0, 0, 0, 0, 0]",0.0,0.0,0.0,1.0,22.0,0.0,0,0.0,0.0,|,0.0,[0],4.0,4.0,0.0,"[0, 4.0, 0]",0.0,0.0,0.0,1.0,22.0,0.0,0,0.0,0.0,|,0.0,[0],4.0,4.0,1.0,"[0, 0.0, 4.0, 0, 0]",0.0,0.0,0.0,1.0,32.0,0.0,0,0.0,0.0
84,|,2,[0],8.0,8.0,8.0,8.0,4.0,4.0,"[0, 8.0, 0]","[0, 8.0, 0]",0.0,0.0,4.0,0.0,0.10328638497652583,-4.0,0.0,0.0,0.0,0.0,|,8.0,[0],12.0,12.0,0.0,"[0, 12.0, 0]",0.0,8.0,8.0,1.0,2.0,0.0,0,0.0,0.0,|,8.0,[0],2.0,10.0,0.0,"[0, 3.0, 5.0, 2.0, 0, 0, 0]",0.0,8.0,8.0,1.0,13.0,0.0,0,0.0,0.0,|,2.0,[0],12.0,12.0,12.0,12.0,2.0,2.0,"[0, 0.0, 12.0, 0, 0]","[0, 0.0, 12.0, 0, 0]",0.0,0.0,2.0,2.0,1.0,2.0,0.0,0,0.0,0.0,|,12.0,[0],8.0,13.0,2.0,"[0, 1.0, 0.0, 4.0, 8.0, 0, 0, 0, 0]",0.0,12.0,12.0,1.0,12.0,0.0,0,0.0,0.0,|,12.0,[0],8.0,8.0,4.0,"[0, 8.0, 0]",0.0,12.0,12.0,1.0,14.0,0.0,0,0.0,0.0,|,12.0,[0],8.0,12.0,0.0,"[0, 4.0, 8.0, 0, 0]",0.0,12.0,12.0,1.0,20.0,0.0,0,0.0,0.0
85,|,1,[0],2.0,2.0,2.0,2.0,8.0,8.0,"[0, 2.0, 0]","[0, 2.0, 0]",0.0,0.0,5.0,1.0,0.1053864168618267,3.0,0.0,0,0.0,0.0,|,2.0,[0],2.0,2.0,12.0,"[0, 2.0, 0]",0.0,2.0,2.0,1.0,12.0,0.0,0,0.0,0.0,|,2.0,[0],2.0,9.0,3.0,"[0, 5.0, 2.0, 2.0, 0, 0, 0]",0.0,2.0,2.0,1.0,14.0,0.0,0,0.0,0.0,|,2.0,[0],3.0,3.0,15.0,15.0,0.0,0.0,"[0, 12.0, 3.0, 0, 0]","[0, 12.0, 3.0, 0, 0]",0.0,0.0,2.0,2.0,1.0,0.0,0.0,0,0.0,0.0,|,2.0,[0],2.0,14.0,1.0,"[0, 0.0, 4.0, 8.0, 2.0, 0, 0, 0, 0]",0.0,2.0,2.0,1.0,11.0,0.0,0,0.0,0.0,|,3.0,[0],2.0,2.0,8.0,"[0, 2.0, 0]",0.0,3.0,3.0,1.0,19.0,0.0,0,0.0,0.0,|,3.0,[0],2.0,10.0,4.0,"[0, 8.0, 2.0, 0, 0]",0.0,3.0,3.0,1.0,21.0,0.0,0,0.0,0.0
86,|,4,[0],1.0,1.0,1.0,1.0,2.0,2.0,"[0, 1.0, 0]","[0, 1.0, 0]",0.0,0.0,4.0,4.0,0.1136890951276102,1.0,0.0,0,0.0,0.0,|,1.0,[0],1.0,1.0,2.0,"[0, 1.0, 0]",0.0,1.0,1.0,1.0,13.0,0.0,0,0.0,0.0,|,1.0,[0],0.0,4.0,5.0,"[0, 2.0, 2.0, 0.0, 0, 0, 0]",0.0,1.0,1.0,1.0,18.0,0.0,0,0.0,0.0,|,0.0,[0],2.0,2.0,5.0,5.0,12.0,12.0,"[0, 3.0, 2.0, 0, 0]","[0, 3.0, 2.0, 0, 0]",0.0,0.0,0.0,0.0,1.0,12.0,0.0,0,0.0,0.0,|,1.0,[0],1.0,15.0,0.0,"[0, 4.0, 8.0, 2.0, 1.0, 0, 0, 0, 0]",0.0,1.0,1.0,1.0,10.0,0.0,0,0.0,0.0,|,2.0,[0],1.0,1.0,2.0,"[0, 1.0, 0]",0.0,2.0,2.0,1.0,19.0,0.0,0,0.0,0.0,|,2.0,[0],1.0,3.0,8.0,"[0, 2.0, 1.0, 0, 0]",0.0,2.0,2.0,1.0,27.0,0.0,0,0.0,0.0
87,|,10,[0],4.0,4.0,4.0,4.0,1.0,1.0,"[0, 4.0, 0]","[0, 4.0, 0]",0.0,0.0,2.0,2.0,0.11564625850340136,-8.0,0.0,0.0,0.0,0.0,|,4.0,[0],4.0,4.0,1.0,"[0, 4.0, 0]",0.0,4.0,4.0,1.0,10.0,0.0,0,0.0,0.0,|,4.0,[0],11.0,13.0,2.0,"[0, 2.0, 0.0, 11.0, 0, 0, 0]",0.0,4.0,4.0,1.0,16.0,0.0,0,0.0,0.0,|,11.0,[0],0.0,0.0,2.0,2.0,3.0,3.0,"[0, 2.0, 0.0, 0, 0]","[0, 2.0, 0.0, 0, 0]",0.0,0.0,11.0,11.0,1.0,4.0,0.0,0,0.0,0.0,|,4.0,[0],4.0,15.0,4.0,"[0, 8.0, 2.0, 1.0, 4.0, 0, 0, 0, 0]",0.0,4.0,4.0,1.0,10.0,0.0,0,0.0,0.0,|,0.0,[0],4.0,4.0,1.0,"[0, 4.0, 0]",0.0,0.0,0.0,1.0,20.0,0.0,0,0.0,0.0,|,0.0,[0],4.0,5.0,2.0,"[0, 1.0, 4.0, 0, 0]",0.0,0.0,0.0,1.0,29.0,0.0,0,0.0,0.0
88,|,4,[0],10.0,10.0,10.0,10.0,4.0,4.0,"[0, 10.0, 0]","[0, 10.0, 0]",0.0,0.0,4.0,0.0,0.1146067415730337,-8.0,0.0,0.0,0.0,0.0,|,10.0,[0],2.0,2.0,4.0,"[0, 2.0, 0]",0.0,10.0,10.0,1.0,4.0,0.0,0,0.0,0.0,|,10.0,[0],4.0,15.0,2.0,"[0, 0.0, 11.0, 4.0, 0, 0, 0]",0.0,10.0,10.0,1.0,8.0,0.0,0,0.0,0.0,|,4.0,[0],6.0,6.0,6.0,6.0,2.0,2.0,"[0, 0.0, 6.0, 0, 0]","[0, 0.0, 6.0, 0, 0]",0.0,0.0,4.0,4.0,1.0,2.0,0.0,0,0.0,0.0,|,2.0,[0],10.0,17.0,8.0,"[0, 2.0, 1.0, 4.0, 10.0, 0, 0, 0, 0]",0.0,2.0,2.0,1.0,16.0,0.0,0,0.0,0.0,|,6.0,[0],9.0,9.0,4.0,"[0, 9.0, 0]",0.0,6.0,6.0,1.0,18.0,0.0,0,0.0,0.0,|,6.0,[0],10.0,14.0,1.0,"[0, 4.0, 10.0, 0, 0]",0.0,6.0,6.0,1.0,24.0,0.0,0,0.0,0.0
89,|,3,[0],4.0,4.0,4.0,4.0,10.0,10.0,"[0, 4.0, 0]","[0, 4.0, 0]",0.0,0.0,10.0,2.0,0.11830357142857142,-1.0,0.0,0.0,0.0,0.0,|,4.0,[0],12.0,12.0,2.0,"[0, 12.0, 0]",0.0,4.0,4.0,1.0,2.0,0.0,0,0.0,0.0,|,4.0,[0],2.0,17.0,0.0,"[0, 11.0, 4.0, 2.0, 0, 0, 0]",0.0,4.0,4.0,1.0,4.0,0.0,0,0.0,0.0,|,2.0,[0],10.0,10.0,16.0,16.0,0.0,0.0,"[0, 6.0, 10.0, 0, 0]","[0, 6.0, 10.0, 0, 0]",0.0,0.0,2.0,2.0,1.0,0.0,0.0,0,0.0,0.0,|,12.0,[0],4.0,19.0,2.0,"[0, 1.0, 4.0, 10.0, 4.0, 0, 0, 0, 0]",0.0,12.0,12.0,1.0,6.0,0.0,0,0.0,0.0,|,10.0,[0],5.0,5.0,9.0,"[0, 5.0, 0]",0.0,10.0,10.0,1.0,17.0,0.0,0,0.0,0.0,|,10.0,[0],4.0,14.0,4.0,"[0, 10.0, 4.0, 0, 0]",0.0,10.0,10.0,1.0,18.0,0.0,0,0.0,0.0
90,|,6,[0],2.0,2.0,2.0,2.0,4.0,4.0,"[0, 2.0, 0]","[0, 2.0, 0]",0.0,0.0,4.0,3.0,0.12334801762114538,-3.0,0.0,0.0,0.0,0.0,|,2.0,[0],0.0,0.0,12.0,"[0, 0.0, 0]",0.0,2.0,2.0,1.0,12.0,0.0,0,0.0,0.0,|,2.0,[0],0.0,6.0,11.0,"[0, 4.0, 2.0, 0.0, 0, 0, 0]",0.0,2.0,2.0,1.0,13.0,0.0,0,0.0,0.0,|,0.0,[0],4.0,4.0,14.0,14.0,6.0,6.0,"[0, 10.0, 4.0, 0, 0]","[0, 10.0, 4.0, 0, 0]",0.0,0.0,0.0,0.0,1.0,6.0,0.0,0,0.0,0.0,|,0.0,[0],3.0,21.0,1.0,"[0, 4.0, 10.0, 4.0, 3.0, 0, 0, 0, 0]",0.0,0.0,0.0,1.0,7.0,0.0,0,0.0,0.0,|,4.0,[0],0.0,0.0,5.0,"[0, 0.0, 0]",0.0,4.0,4.0,1.0,18.0,0.0,0,0.0,0.0,|,4.0,[0],3.0,7.0,10.0,"[0, 4.0, 3.0, 0, 0]",0.0,4.0,4.0,1.0,24.0,0.0,0,0.0,0.0
91,|,2,[0],7.0,7.0,7.0,7.0,2.0,2.0,"[0, 7.0, 0]","[0, 7.0, 0]",0.0,0.0,2.0,0.0,0.12280701754385964,-3.0,0.0,0.0,0.0,0.0,|,7.0,[0],3.0,3.0,0.0,"[0, 3.0, 0]",0.0,7.0,7.0,1.0,5.0,0.0,0,0.0,0.0,|,7.0,[0],6.0,8.0,4.0,"[0, 2.0, 0.0, 6.0, 0, 0, 0]",0.0,7.0,7.0,1.0,10.0,0.0,0,0.0,0.0,|,6.0,[0],3.0,3.0,7.0,7.0,10.0,10.0,"[0, 4.0, 3.0, 0, 0]","[0, 4.0, 3.0, 0, 0]",0.0,0.0,6.0,6.0,1.0,10.0,0.0,0,0.0,0.0,|,3.0,[0],6.0,23.0,4.0,"[0, 10.0, 4.0, 3.0, 6.0, 0, 0, 0, 0]",0.0,3.0,3.0,1.0,8.0,0.0,0,0.0,0.0,|,3.0,[0],9.0,9.0,0.0,"[0, 9.0, 0]",0.0,3.0,3.0,1.0,15.0,0.0,0,0.0,0.0,|,3.0,[0],6.0,9.0,4.0,"[0, 3.0, 6.0, 0, 0]",0.0,3.0,3.0,1.0,25.0,0.0,0,0.0,0.0
92,|,8,[0],2.0,2.0,2.0,2.0,7.0,7.0,"[0, 2.0, 0]","[0, 2.0, 0]",0.0,0.0,7.0,4.0,0.12931034482758622,-4.0,0.0,0.0,0.0,0.0,|,2.0,[0],2.0,2.0,3.0,"[0, 2.0, 0]",0.0,2.0,2.0,1.0,6.0,0.0,0,0.0,0.0,|,2.0,[0],10.0,16.0,2.0,"[0, 0.0, 6.0, 10.0, 0, 0, 0]",0.0,2.0,2.0,1.0,10.0,0.0,0,0.0,0.0,|,10.0,[0],0.0,0.0,3.0,3.0,4.0,4.0,"[0, 3.0, 0.0, 0, 0]","[0, 3.0, 0.0, 0, 0]",0.0,0.0,10.0,10.0,1.0,4.0,0.0,0,0.0,0.0,|,2.0,[0],2.0,15.0,10.0,"[0, 4.0, 3.0, 6.0, 2.0, 0, 0, 0, 0]",0.0,2.0,2.0,1.0,16.0,0.0,0,0.0,0.0,|,0.0,[0],2.0,2.0,9.0,"[0, 2.0, 0]",0.0,0.0,0.0,1.0,24.0,0.0,0,0.0,0.0,|,0.0,[0],2.0,8.0,3.0,"[0, 6.0, 2.0, 0, 0]",0.0,0.0,0.0,1.0,28.0,0.0,0,0.0,0.0
93,|,10,[0],6.0,6.0,6.0,6.0,2.0,2.0,"[0, 6.0, 0]","[0, 6.0, 0]",0.0,0.0,2.0,0.0,0.12658227848101267,-12.0,0.0,0.0,0.0,0.0,|,6.0,[0],8.0,8.0,2.0,"[0, 8.0, 0]",0.0,6.0,6.0,1.0,2.0,0.0,0,0.0,0.0,|,6.0,[0],4.0,20.0,0.0,"[0, 6.0, 10.0, 4.0, 0, 0, 0]",0.0,6.0,6.0,1.0,4.0,0.0,0,0.0,0.0,|,4.0,[0],10.0,10.0,10.0,10.0,3.0,3.0,"[0, 0.0, 10.0, 0, 0]","[0, 0.0, 10.0, 0, 0]",0.0,0.0,4.0,4.0,1.0,3.0,0.0,0,0.0,0.0,|,8.0,[0],8.0,19.0,4.0,"[0, 3.0, 6.0, 2.0, 8.0, 0, 0, 0, 0]",0.0,8.0,8.0,1.0,12.0,0.0,0,0.0,0.0,|,10.0,[0],4.0,4.0,2.0,"[0, 4.0, 0]",0.0,10.0,10.0,1.0,16.0,0.0,0,0.0,0.0,|,10.0,[0],8.0,10.0,6.0,"[0, 2.0, 8.0, 0, 0]",0.0,10.0,10.0,1.0,24.0,0.0,0,0.0,0.0
94,|,7,[0],2.0,2.0,2.0,2.0,6.0,6.0,"[0, 2.0, 0]","[0, 2.0, 0]",0.0,0.0,6.0,0.0,0.12474012474012475,-13.0,0.0,0.0,0.0,0.0,|,2.0,[0],4.0,4.0,8.0,"[0, 4.0, 0]",0.0,2.0,2.0,1.0,8.0,0.0,0,0.0,0.0,|,2.0,[0],3.0,17.0,6.0,"[0, 10.0, 4.0, 3.0, 0, 0, 0]",0.0,2.0,2.0,1.0,8.0,0.0,0,0.0,0.0,|,3.0,[0],11.0,11.0,21.0,21.0,0.0,0.0,"[0, 10.0, 11.0, 0, 0]","[0, 10.0, 11.0, 0, 0]",0.0,0.0,3.0,3.0,1.0,0.0,0.0,0,0.0,0.0,|,4.0,[0],10.0,26.0,3.0,"[0, 6.0, 2.0, 8.0, 10.0, 0, 0, 0, 0]",0.0,4.0,4.0,1.0,11.0,0.0,0,0.0,0.0,|,11.0,[0],12.0,12.0,4.0,"[0, 12.0, 0]",0.0,11.0,11.0,1.0,9.0,0.0,0,0.0,0.0,|,11.0,[0],10.0,18.0,2.0,"[0, 8.0, 10.0, 0, 0]",0.0,11.0,11.0,1.0,15.0,0.0,0,0.0,0.0
95,|,5,[0],8.0,8.0,8.0,8.0,2.0,2.0,"[0, 8.0, 0]","[0, 8.0, 0]",0.0,0.0,2.0,0.0,0.12345679012345678,-16.0,0.0,0.0,0.0,0.0,|,8.0,[0],0.0,0.0,4.0,"[0, 0.0, 0]",0.0,8.0,8.0,1.0,4.0,0.0,0,0.0,0.0,|,8.0,[0],0.0,7.0,10.0,"[0, 4.0, 3.0, 0.0, 0, 0, 0]",0.0,8.0,8.0,1.0,10.0,0.0,0,0.0,0.0,|,0.0,[0],3.0,3.0,14.0,14.0,10.0,10.0,"[0, 11.0, 3.0, 0, 0]","[0, 11.0, 3.0, 0, 0]",0.0,0.0,0.0,0.0,1.0,10.0,0.0,0,0.0,0.0,|,0.0,[0],6.0,26.0,6.0,"[0, 2.0, 8.0, 10.0, 6.0, 0, 0, 0, 0]",0.0,0.0,0.0,1.0,17.0,0.0,0,0.0,0.0,|,3.0,[0],4.0,4.0,12.0,"[0, 4.0, 0]",0.0,3.0,3.0,1.0,18.0,0.0,0,0.0,0.0,|,3.0,[0],7.0,17.0,8.0,"[0, 10.0, 7.0, 0, 0]",0.0,3.0,3.0,1.0,20.0,0.0,0,0.0,0.0
96,|,7,[0],4.0,4.0,4.0,4.0,8.0,8.0,"[0, 4.0, 0]","[0, 4.0, 0]",0.0,0.0,8.0,0.0,0.12170385395537525,-15.0,0.0,0.0,0.0,0.0,|,4.0,[0],9.0,9.0,0.0,"[0, 9.0, 0]",0.0,4.0,4.0,1.0,0.0,0.0,0,0.0,0.0,|,4.0,[0],10.0,13.0,4.0,"[0, 3.0, 0.0, 10.0, 0, 0, 0]",0.0,4.0,4.0,1.0,10.0,0.0,0,0.0,0.0,|,10.0,[0],10.0,10.0,13.0,13.0,11.0,11.0,"[0, 3.0, 10.0, 0, 0]","[0, 3.0, 10.0, 0, 0]",0.0,0.0,10.0,10.0,1.0,11.0,0.0,0,0.0,0.0,|,9.0,[0],6.0,30.0,2.0,"[0, 8.0, 10.0, 6.0, 6.0, 0, 0, 0, 0]",0.0,9.0,9.0,1.0,10.0,0.0,0,0.0,0.0,|,10.0,[0],5.0,5.0,4.0,"[0, 5.0, 0]",0.0,10.0,10.0,1.0,12.0,0.0,0,0.0,0.0,|,10.0,[0],5.0,12.0,10.0,"[0, 7.0, 5.0, 0, 0]",0.0,10.0,10.0,1.0,20.0,0.0,0,0.0,0.0
97,|,3,[0],0.0,0.0,0.0,0.0,4.0,4.0,"[0, 0.0, 0]","[0, 0.0, 0]",0.0,0.0,4.0,0.0,0.12096774193548387,-14.0,0.0,0.0,0.0,0.0,|,0.0,[0],1.0,1.0,9.0,"[0, 1.0, 0]",0.0,0.0,0.0,1.0,9.0,0.0,0,0.0,0.0,|,0.0,[0],11.0,21.0,3.0,"[0, 0.0, 10.0, 11.0, 0, 0, 0]",0.0,0.0,0.0,1.0,13.0,0.0,0,0.0,0.0,|,11.0,[0],1.0,1.0,11.0,11.0,3.0,3.0,"[0, 10.0, 1.0, 0, 0]","[0, 10.0, 1.0, 0, 0]",0.0,0.0,11.0,11.0,1.0,3.0,0.0,0,0.0,0.0,|,1.0,[0],7.0,29.0,8.0,"[0, 10.0, 6.0, 6.0, 7.0, 0, 0, 0, 0]",0.0,1.0,1.0,1.0,17.0,0.0,0,0.0,0.0,|,1.0,[0],8.0,8.0,5.0,"[0, 8.0, 0]",0.0,1.0,1.0,1.0,16.0,0.0,0,0.0,0.0,|,1.0,[0],7.0,12.0,7.0,"[0, 5.0, 7.0, 0, 0]",0.0,1.0,1.0,1.0,26.0,0.0,0,0.0,0.0
98,|,3,[0],9.0,9.0,9.0,9.0,0.0,0.0,"[0, 9.0, 0]","[0, 9.0, 0]",0.0,0.0,0.0,0.0,0.12024048096192384,-17.0,0.0,0.0,0.0,0.0,|,9.0,[0],13.0,13.0,1.0,"[0, 13.0, 0]",0.0,9.0,9.0,1.0,1.0,0.0,0,0.0,0.0,|,9.0,[0],3.0,24.0,0.0,"[0, 10.0, 11.0, 3.0, 0, 0, 0]",0.0,9.0,9.0,1.0,4.0,0.0,0,0.0,0.0,|,3.0,[0],1.0,1.0,2.0,2.0,10.0,10.0,"[0, 1.0, 1.0, 0, 0]","[0, 1.0, 1.0, 0, 0]",0.0,0.0,3.0,3.0,1.0,10.0,0.0,0,0.0,0.0,|,13.0,[0],3.0,22.0,10.0,"[0, 6.0, 6.0, 7.0, 3.0, 0, 0, 0, 0]",0.0,13.0,13.0,1.0,14.0,0.0,0,0.0,0.0,|,1.0,[0],7.0,7.0,8.0,"[0, 7.0, 0]",0.0,1.0,1.0,1.0,23.0,0.0,0,0.0,0.0,|,1.0,[0],3.0,10.0,5.0,"[0, 7.0, 3.0, 0, 0]",0.0,1.0,1.0,1.0,30.0,0.0,0,0.0,0.0
99,|,9,[0],1.0,1.0,1.0,1.0,9.0,9.0,"[0, 1.0, 0]","[0, 1.0, 0]",0.0,0.0,9.0,0.0,0.11811023622047244,-17.0,0.0,0.0,0.0,0.0,|,1.0,[0],1.0,1.0,13.0,"[0, 1.0, 0]",0.0,1.0,1.0,1.0,13.0,0.0,0,0.0,0.0,|,1.0,[0],10.0,24.0,10.0,"[0, 11.0, 3.0, 10.0, 0, 0, 0]",0.0,1.0,1.0,1.0,13.0,0.0,0,0.0,0.0,|,10.0,[0],7.0,7.0,8.0,8.0,1.0,1.0,"[0, 1.0, 7.0, 0, 0]","[0, 1.0, 7.0, 0, 0]",0.0,0.0,10.0,10.0,1.0,1.0,0.0,0,0.0,0.0,|,1.0,[0],3.0,19.0,6.0,"[0, 6.0, 7.0, 3.0, 3.0, 0, 0, 0, 0]",0.0,1.0,1.0,1.0,19.0,0.0,0,0.0,0.0,|,7.0,[0],3.0,3.0,7.0,"[0, 3.0, 0]",0.0,7.0,7.0,1.0,23.0,0.0,0,0.0,0.0,|,7.0,[0],3.0,6.0,7.0,"[0, 3.0, 3.0, 0, 0]",0.0,7.0,7.0,1.0,30.0,0.0,0,0.0,0.0
